,salary_pred
0,1327903.952910679
1,222413.3187165741
2,564850.556639199
3,5164802.740084969
4,4600046.99914292
5,467545.7630367301
6,7288309.55462569
7,1417842.6018257565
8,4788073.625827753
9,3386054.713780485
10,17094426.303612113
11,1599186.454513969
12,14324829.005271412
13,239765.73352860636
14,689555.0490030932
15,866910.0428651887
16,2302627.45334983
17,291861.7530184805
18,458838.4568433581
19,906278.0415602964
20,5883990.93851075
21,5041686.781778964
22,57086.7384050056
23,2327594.896797316
24,1942665.4075871136
25,13003684.223830532
26,318043.20241446106
27,541621.4277675692
28,11085247.261426514
29,1566690.2296094345
30,18506.26728579405
31,5139217.652330525
32,2179623.549698624
33,4116275.130791205
34,261295.7147276697
35,7293500.145316605
36,364283.2875266506
37,925151.5976241044
38,-92138.77578092474
39,171749.92327802404
40,2784469.0211766195
41,515914.9740814194
42,1716879.2301427615
43,3177686.3264031643
44,9950613.608250843
45,834985.933954371
46,19746816.355835408
47,263076.2560293084
48,598397.6582077983
49,4764884.760634695
50,966658.1458497306
51,14476543.78295889
52,472701.52244435216
53,720419.8978320048
54,4061887.5739142415
55,152801.05635274498
56,92877.08007625576
57,1919971.0951621912
58,867433.8050890554
59,1495524.1872325088
60,3813781.497992565
61,1817833.7178122965
62,388962.91303530266
63,4472129.379434083
64,252954.1150285228
65,238870.11388779077
66,3998682.3118718015
67,2876210.677650111
68,628802.6001877754
69,6209029.630000621
70,185711.45308837263
71,4324613.116010608
72,7204159.230543918
73,245018.7728559722
74,3386911.401073888
75,3384786.6765166977
76,2037143.48260191
77,1106644.2741866792
78,681722.7405328401
79,175743.45573388287
80,424831.2805679456
81,3205449.5910690147
82,2425919.247681352
83,4736677.488646292
84,1003838.8139132464
85,1504668.4625827798
86,468589.8715063493
87,5287223.9782701535
88,2757836.328693506
89,4339538.804009356
90,1063578.1613576042
91,1259522.3951932092
92,1474899.421115467
93,1708092.086247223
94,4433373.765210198
95,6838975.980988257
96,755283.6950869693
97,445572.02376536105
98,1876596.6429843148
99,1161575.5595409789
100,2546823.853452965
101,1410668.2314372654
102,5771993.084695968
103,508816.6111165304
104,110050.20280931312
105,11049698.458466168
106,211393.4589694503
107,2753869.600608254
108,934181.9349401256
109,50126.66948376456
110,2905525.52247097
111,126586.36611911876
112,23392394.47005757
113,1354157.772270915
114,2070062.462541932
115,12456576.06311519
116,498526.7641413767
117,895974.8547990539
118,3245342.7578739678
119,881760.6117060627
120,710240.6724408807
121,3190487.5524242264
122,815174.7618290057
123,2363435.4053556146
124,1694759.726062579
125,9574711.78288216
126,2268670.1943732887
127,478503.4900178459
128,-41867.40774907575
129,1033996.4883449472
130,4951807.976596653
131,1643235.4018178957
132,852625.961237046
133,247534.7615220753
134,2258991.634604781
135,24572140.18850941
136,6727034.684464203
137,9963897.863429472
138,10116322.36435527
139,195247.04355791805
140,2898342.568949189
141,512542.8163738685
142,709624.5851168432
143,9189343.05139245
144,6283338.383149223
145,609115.9115399063
146,10093343.415721314
147,1341989.8726866425
148,275872.00009862275
149,10511674.280836266
150,1408477.8063556594
151,14495447.423921322
152,4252972.452333764
153,1871474.313442224
154,1021112.8602200064
155,1887422.732535176
156,1366985.0436083833
157,1258939.084177991
158,77897.26259041423
159,9712652.272380209
160,1381661.8167987813
161,5156353.617082367
162,1742591.424969633
163,1445806.652117624
164,3319804.286729157
165,4119203.5464457776
166,1322815.0070373227
167,1807722.622542807
168,2772104.831677792
169,844123.0871313063
170,-9093.657396763178
171,2739807.398576183
172,967733.1192372272
173,1532124.2903041013
174,3310541.1173178107
175,17827831.407480933
176,-5418.81442555281
177,721660.3102000845
178,5947722.7824244
179,1506341.3830890695
180,6964467.273869737
181,3152971.081148848
182,4010781.480584874
183,11871724.37843132
184,5487978.081707839
185,165986.95884540127
186,169918.2047866482
187,313561.26356878795
188,490917.1705486346
189,201370.3919432856
190,4867679.569773748
191,4141782.8190690186
192,1820880.4007075788
193,439523.1736979601
194,1870094.2606440643
195,1417451.1910110228
196,1213280.231316647
197,1489690.4467373546
198,2253811.11428138
199,2786979.6905325158
200,1922655.638433912
201,4984986.892126681
202,274092.7354491629
203,462861.6731133966
204,3134633.8917040024
205,1050196.5867007663
206,21179892.114633083
207,45621.5132313956
208,10135719.708592435
209,682228.882479994
210,591683.6934662141
211,5019128.831038166
212,3813363.943216566
213,906481.6474440068
214,830020.9570765952
215,4863763.454706707
216,470328.48889700416
217,36061.49654544459
218,1123211.3227851123
219,473606.2092875196
220,8487586.286811784
221,665783.2760959815
222,205928.3547898355
223,6088169.009571971
224,1408847.2790705524
225,3258307.261554417
226,2368695.9294561404
227,3981388.488929798
228,221160.8989933225
229,12028400.571158372
230,18588333.92685658
231,1520866.6948652482
232,17178312.69015158
233,2562048.010921934
234,4520636.273027134
235,1346955.9796049586
236,-10099.506723225451
237,6028144.569521293
238,56598.19046452263
239,209351.76467064684
240,960986.5929757684
241,353876.5289987788
242,908275.296242342
243,720654.3844838671
244,410563.466653722
245,484347.65472261177
246,12738321.599830171
247,3109428.8077104334
248,542779.381276112
249,906556.185314102
250,3301054.3288530908
251,4004839.8567092726
252,3152368.547705944
253,959993.9214689372
254,114876.86350257884
255,3341913.2476164666
256,12083596.984282846
257,6757834.550239644
258,4945974.039110474
259,3601143.735159104
260,555484.8238321026
261,17157893.740666274
262,6414500.088951556
263,1200032.092346514
264,1782789.105392205
265,5041274.683968646
266,701994.1642664473
267,1246714.8350214406
268,1763740.251665323
269,658200.6200523518
270,535783.0402321524
271,6495090.157392748
272,381781.9373862159
273,2969474.669548634
274,2339403.062329758
275,7357108.37949589
276,875990.9054772027
277,821255.7356194922
278,4541598.646587106
279,829329.078957299
280,450819.79607937706
281,13224442.989532871
282,28462.206114867528
283,1786252.0685487106
284,520234.0395178144
285,2069451.7608023505
286,3939724.408312023
287,1313912.9950381883
288,788815.3151417414
289,1061559.5655771927
290,4868800.395854108
291,4784593.730150596
292,1103456.6516225613
293,941675.2811220156
294,768767.0849654117
295,1898798.0862242016
296,1157779.083284057
297,278164.4147902816
298,330887.43074369524
299,2741037.77303026
300,1399577.881277882
301,1023859.9054438636
302,2309623.483019134
303,487581.26359646535
304,25797.60392063865
305,3050203.247392021
306,708319.9965686956
307,15247080.289307006
308,535429.1821357403
309,445173.40811022907
310,1244339.3534899207
311,233823.8021555805
312,9326675.55416301
313,290959.8551072795
314,6838586.650082199
315,294984.39674668736
316,148600.5562531223
317,8960051.777604956
318,7326399.18240612
319,395256.12144357455
320,1538569.6922853475
321,2795464.164577822
322,2968084.59246833
323,5191029.651470845
324,13887.39994397112
325,2443664.4406813667
326,660512.117604838
327,4483401.480306402
328,1285607.5300988534
329,3806073.207688465
330,135644.41573465517
331,4367737.827480256
332,1182661.8590967758
333,8967558.908802569
334,492336.0353176208
335,13625667.796872323
336,555476.2112115175
337,5036630.531255161
338,633924.8812341321
339,1180940.6199557902
340,264417.9289272496
341,2280221.0638019773
342,3131761.9018756524
343,5808539.116191765
344,3792739.1520623495
345,4032856.125904662
346,15215411.556885635
347,15170263.950549614
348,3312988.052805231
349,2131710.8124124915
350,1030950.1394855352
351,2428836.472915997
352,81071.63472256329
353,1567154.315396365
354,1940951.2672622215
355,1643737.55685365
356,5432157.215206245
357,128746.1421022986
358,1690357.1801523613
359,2737364.832627927
360,4981997.193258418
361,5117367.014689584
362,1520137.855796239
363,527412.2605953004
364,118964.8113238366
365,2539521.197572317
366,438802.9071907
367,5890047.737529315
368,180213.2279670534
369,2427665.388794887
370,1027958.5559931668
371,2908534.8970747343
372,2428349.4338042056
373,1550522.1561071672
374,1754126.5101763683
375,307149.65527141886
376,941279.8155205988
377,2943481.1581470147
378,1018702.9734444732
379,891461.248756438
380,5733851.191265318
381,1402474.040975578
382,220802.30701724984
383,277223.7173348993
384,2899102.414554645
385,646007.8056278129
386,4866422.470711273
387,13515238.29093618
388,497409.1845138718
389,456425.2791618947
390,10048440.838641424
391,-54901.41499791631
392,190517.2693046693
393,4650167.355120134
394,3589197.643184183
395,1370826.5914459636
396,2386735.065789773
397,1623820.2240790213
398,1972408.5090186887
399,16507872.17837125
400,660482.1578934776
401,11846913.661612578
402,1490836.9451752957
403,9526496.983957872
404,216114.94640051355
405,1183679.0375306506
406,1174722.675876374
407,6880710.442750719
408,-1707.5021025253518
409,2685724.1363426163
410,728474.6325663744
411,1953990.242330032
412,4174069.969088722
413,2563808.5161568206
414,7889773.453352162
415,1790431.9999999972
416,1185866.9226454983
417,4711078.362919368
418,1483626.83860211
419,1027798.4649988238
420,9163489.076214677
421,1391022.1923771491
422,195082.7602873513
423,1198650.093885874
424,6787.885178180586
425,412713.3487481852
426,2137982.36716462
427,631150.6073451682
428,4136763.667365624
429,5453029.861218914
430,93527.14590125924
431,8954680.68921337
432,3253505.195718119
433,13093961.527812652
434,2545001.1811475973
435,4365978.489275685
436,414609.9277977709
437,644091.7571732773
438,-18511.8476275134
439,-12668.451721955906
440,3063097.6970878653
441,470786.6698553887
442,318952.76057659823
443,292578.26200176426
444,417566.5710765442
445,1918635.9372876624
446,673235.6265523762
447,1386685.0179865267
448,2409.6285908827704
449,3189383.506405781
450,1619869.439357875
451,2233459.278182032
452,986678.221951144
453,343970.6997830819
454,665966.6655504922
455,2981838.988209424
456,4664295.647529554
457,421515.1193220599
458,3595973.4928413173
459,235520.171505254
460,1765625.0901822434
461,1843446.7503564437
462,1779506.927201737
463,926606.5726560344
464,608199.582838785
465,6554823.201855622
466,3529017.279735981
467,1774130.8328399656
468,1882271.4632733264
469,435494.4722759789
470,6610594.164429911
471,17443563.26914518
472,8676995.91403621
473,8384545.670233119
474,1819627.994874552
475,3843363.471151298
476,827264.6857112943
477,2478842.5411797897
478,1656872.7971757771
479,225803.80169715703
480,7963119.798723558
481,6014830.294823749
482,435737.8681420988
483,9492999.716372373
484,1815816.2214436675
485,1685654.3072784175
486,5051513.579686142
487,3047681.8715308867
488,44654.61396869656
489,2728090.3010358377
490,9512023.473017331
491,1240771.3416715025
492,4879712.63550312
493,434231.5808487096
494,1439445.4268127629
495,1003515.6779658116
496,3656523.8713452606
497,659467.1925121453
498,2599617.3039748995
499,458957.1390476837
500,925342.0833549248
501,1478495.7352260624
502,5031296.40212338
503,275008.70340982813
504,4885027.420449481
505,691495.4277243675
506,1870243.1081586848
507,6411266.907914844
508,2221246.0589383766
509,1067320.6806248194
510,9822849.718480278
511,1621865.3212939834
512,737046.0795633574
513,1313703.733179316
514,156093.6951277632
515,-67497.9174507575
516,876163.6933416178
517,4695010.079251414
518,1081197.5645291018
519,1326962.7359950126
520,1259657.102118008
521,9869838.666499725
522,1504482.668969353
523,5575768.375843328
524,1949821.37491224
525,91408.95787103384
526,178487.08673258818
527,232443.17018223883
528,1616976.7782680574
529,7497869.944461759
530,2327558.957777649
531,3176771.475879005
532,33898.628984853334
533,453794.80673952855
534,9753883.513559151
535,1507337.313190407
536,1835360.81867438
537,473097.78454019385
538,131296.7596126345
539,2014911.548603244
540,2369223.395143595
541,878285.4328103727
542,7684252.680627215
543,566113.7672521379
544,23529.21301481224
545,3789367.553904304
546,743035.0314606938
547,180307.8434614085
548,3424084.544437189
549,3877914.1557981255
550,5942486.265241402
551,1861383.372822593
552,763139.4044418449
553,1347053.1835945984
554,12480459.545277396
555,502063.1686396381
556,656245.6073690202
557,522444.8715313999
558,2051732.8039846644
559,782526.5865379805
560,570332.5697062546
561,530900.3966664791
562,1578516.524672679
563,219972.18696176785
564,1258550.438277956
565,3995899.866474269
566,869834.1142509636
567,9281164.36330858
568,2023319.647802178
569,553770.2520150875
570,3544618.991587328
571,10389840.353150394
572,-44682.73970777541
573,970149.834254544
574,12689369.298422815
575,6932786.64804914
576,802338.8757985366
577,14442003.248928895
578,10411143.346609132
579,8120277.105948713
580,12068452.61694738
581,103617.86277769216
582,9100502.978908615
583,939255.956074579
584,410932.3094421134
585,24393487.038813416
586,5300096.207858668
587,934689.7752350636
588,477805.516558448
589,300316.2835983399
590,4523821.638555423
591,2678491.034079988
592,997274.8240291664
593,9060994.954525966
594,1204585.3154306384
595,2507942.0833120085
596,4612141.038822278
597,2009352.4909279055
598,1626111.1843702246
599,1045933.579635504
600,686375.8871836895
601,22103312.410739027
602,8192836.322590977
603,8579435.696611358
604,133667.42959650158
605,2257883.091481073
606,1015348.7618071669
607,178164.3506383058
608,171917.831248354
609,273481.1252459951
610,8753646.370598588
611,1113012.3180282323
612,429658.3772419016
613,9767609.893627398
614,12582454.782284694
615,245699.67582574493
616,2799737.3621979454
617,448928.5005355679
618,1575007.542679124
619,929815.6387433064
620,-88298.7015835164
621,6581136.017231885
622,2961774.107049858
623,3109113.9435388125
624,9448212.566543128
625,5683510.429587827
626,100462.77108866176
627,2763110.417002713
628,3796784.8798111854
629,2829314.970650759
630,890521.9521633555
631,557029.4395629467
632,314258.08703539346
633,324777.4641928489
634,4636162.504632669
635,1712807.3558464209
636,1545222.7543952898
637,2468135.825031541
638,5421703.602200534
639,868349.832659191
640,776587.1422329339
641,-143379.33195809144
642,1541924.1426527728
643,426163.0622408873
644,916390.8103468656
645,5054247.669500774
646,1434920.443470782
647,852336.8499294075
648,4855991.382433305
649,994944.205034054
650,1335673.994195257
651,700126.4317435778
652,403300.396591212
653,182253.7192956305
654,4836643.384585408
655,5308708.989633624
656,3539815.2760440083
657,1363537.5520330071
658,6596387.215567897
659,2560101.0296442965
660,3576478.9584290646
661,152217.6404414641
662,1045438.92057516
663,2024020.4171405304
664,836318.6683226854
665,1164560.2986491965
666,84986.88725745803
667,1362817.9125433313
668,1050768.0401403382
669,26499.706245838985
670,2738226.161314588
671,17376496.837893363
672,1484341.9556897343
673,2398470.1186746936
674,4813216.142003513
675,305901.14452224225
676,959888.3946560312
677,1521407.0069736245
678,2705945.78843118
679,3218249.649661017
680,1038883.884792508
681,550934.8975932394
682,1426276.5199428075
683,474356.8084031972
684,1375803.5450851205
685,7542604.349259829
686,2458885.217560498
687,4049459.151272607
688,3698304.093891218
689,712062.9203575992
690,1661353.9787891908
691,1029230.7018452466
692,16268298.83174201
693,3284002.7170836963
694,4215669.171105614
695,4895392.746780653
696,670793.726169133
697,254129.57211700265
698,7792544.386472279
699,-44413.15019664191
700,2951692.1096072923
701,3046446.2883612504
702,3312341.33716214
703,180849.78602382567
704,4378472.205033254
705,2671454.92810317
706,3331773.9939557854
707,1445288.4107387238
708,1208746.5011842565
709,7078918.883693153
710,3543032.505897293
711,401681.9732461904
712,353751.7424551806
713,4162657.775736896
714,3266167.314766824
715,1901778.510906873
716,175713.84342091085
717,2446707.7393238465
718,1582941.672345311
719,3044134.980615335
720,114896.05981637174
721,322519.8933095441
722,17765219.996986575
723,4400884.793069476
724,498437.18445755984
725,3869029.846764975
726,1566715.488198466
727,5206487.285895035
728,-6643.015738414324
729,3242503.270937932
730,55984.96882273165
731,1048718.8378229446
732,1530577.24839767
733,4661854.630320241
734,363578.27161654097
735,8230628.73947717
736,2557318.763510298
737,-103208.90880442904
738,462848.6886852172
739,4815841.425601151
740,877605.6434485917
741,4878622.904135626
742,1286990.3485922234
743,4709449.082235147
744,979843.9656527116
745,6209116.628299603
746,4831445.178404978
747,1221369.4275281278
748,429992.00110782846
749,631122.4618019757
750,1389806.195246768
751,2145624.9535236545
752,5384281.141558168
753,2272513.434635692
754,4805291.871832102
755,1106495.869000567
756,1455120.108567741
757,1497940.1428724737
758,1808326.9582167456
759,11533289.706149124
760,2294766.6106488183
761,791546.826010986
762,8579768.826033574
763,5112748.95552869
764,450551.81650569336
765,1532371.62210663
766,4211477.2242249865
767,7045911.355851028
768,1575394.016565048
769,15876708.942043748
770,12855856.286074163
771,3019803.963260832
772,458150.8355870899
773,2869178.824262648
774,789230.1159260599
775,164585.99899585976
776,2892792.459476651
777,1478691.6747680735
778,5540464.8198024575
779,8556198.369079623
780,5297370.472962591
781,3994200.316640607
782,15343790.833996229
783,2924104.2724908125
784,5706276.606587589
785,35246.72661541912
786,13649927.560566414
787,141523.70462152184
788,2311613.734308528
789,867125.4308173873
790,391024.8459641202
791,4628320.133526783
792,521187.0463656898
793,8331998.347190592
794,6741258.56626044
795,1747375.208859791
796,682654.333429451
797,224289.21983352056
798,483456.8466616974
799,551818.5849108614
800,864446.5888016998
801,5805565.870575594
802,29617.247031224804
803,589458.1354813449
804,580038.8198148817
805,555657.6466792631
806,20720627.00500039
807,1077159.4222608546
808,2037016.1578333064
809,1241104.921433399
810,4180481.52171156
811,-21283.3808982902
812,2483497.739832866
813,5943987.661710456
814,361105.9030160637
815,1940412.513413324
816,2907108.454748524
817,3093503.247403791
818,2999416.869686609
819,1028765.95024681
820,566396.199375028
821,-47417.98907179656
822,1052972.625768995
823,5417278.436116844
824,243346.2948733151
825,5580765.814668594
826,1244855.0709833305
827,1607496.8611971086
828,3063583.875109392
829,2565700.741113981
830,384015.8330264449
831,3779567.9781681183
832,2000405.68339355
833,3149280.613235461
834,11755015.0642839
835,445281.1742991252
836,210327.0194051833
837,1634355.1796647557
838,3642836.6915678056
839,44293.25547456811
840,3414133.9030486103
841,3105995.3638110524
842,180917.85280890763
843,588843.3831621368
844,2445674.635465174
845,55157.74359788443
846,1351332.924373762
847,5376925.670695169
848,1243966.2384049068
849,16067221.549202222
850,3528828.371668614
851,83522.55665387627
852,1081449.3213219556
853,4959226.875198897
854,185087.4551378197
855,2002871.9250204104
856,468456.2513230832
857,138131.4793137682
858,1970112.1079474147
859,1436726.6515550269
860,14450796.228688646
861,7551930.857451997
862,3338374.028657156
863,1183757.610812324
864,3634093.6895306734
865,2691831.2029374456
866,2608956.1805114658
867,3283130.820286632
868,3189991.800923604
869,2291591.235213309
870,1933150.1701713493
871,1948528.9596268344
872,626846.3351162535
873,268977.7458279943
874,3744829.4799073655
875,9142619.781657765
876,481668.3743362816
877,8721579.317963222
878,773221.2773632382
879,218389.3734389089
880,146800.64537874184
881,8798965.881982114
882,1881659.466864231
883,6384125.318101801
884,2729544.4665687354
885,5050554.809064308
886,2254124.3741835533
887,4546096.280374127
888,300027.6601897173
889,831463.8013239232
890,8102681.578770642
891,802069.0484752364
892,448668.849447399
893,1223162.0044120315
894,831760.3770028986
895,618369.8455675764
896,694203.7030213493
897,383641.29644032975
898,5349263.879945002
899,3439077.789472161
900,2121125.539191304
901,2499554.585330138
902,158056.04326105866
903,899376.4195811609
904,577606.9673968763
905,510435.4501123077
906,231611.85365790097
907,12245149.5766951
908,2013028.4575804449
909,9646101.249410188
910,549799.8263141613
911,3919041.515417475
912,3083934.3689147043
913,237868.62522319207
914,15009459.067973295
915,2139109.791855568
916,3032572.889946467
917,4000467.345489527
918,479140.2787594333
919,1864229.770639864
920,3238592.25801996
921,2958303.82550119
922,946122.3635989712
923,5110088.214744373
924,754667.0732691011
925,1477681.822838391
926,4629209.715274494
927,10124822.86283036
928,3710210.394296226
929,3155851.239963756
930,5944064.342619382
931,2863385.559634135
932,9668247.79184392
933,812167.9844392947
934,449782.8596929122
935,433326.6849232988
936,1239069.4735460016
937,-57892.10709717951
938,151573.35851137686
939,510339.7971202184
940,74450.70689069587
941,287863.97461920953
942,8807822.584630093
943,2758524.2382408446
944,8206818.473290042
945,611764.8645899157
946,805708.6069067608
947,1482964.818823452
948,2348797.356027894
949,3396566.1066951114
950,6020947.749201542
951,606886.3941470053
952,-174916.20669075756
953,1553010.6651188182
954,2267210.756240898
955,151674.14417044015
956,114557.73136073886
957,1280188.3972051467
958,779709.7709308524
959,1812505.6152712004
960,1624121.8757518511
961,155300.1508615041
962,1652871.654454382
963,-37527.400696032855
964,413601.2936874421
965,4695394.021577949
966,135512.43089401777
967,4638592.225278029
968,10361113.069428377
969,3614525.9643919
970,1240164.4994376814
971,355295.6899614498
972,3849888.55570942
973,15497395.302074917
974,729410.787123273
975,160706.3360518703
976,389547.7845137499
977,2442815.310261827
978,3361428.383396424
979,813841.8366192766
980,413148.3856406424
981,1885401.3591219091
982,1405802.3383677304
983,4041629.002040835
984,2887832.073362563
985,1233214.8615897165
986,90526.9542794271
987,214185.62435581427
988,271840.330064518
989,192250.7440625568
990,5106689.907497624
991,7049503.355034005
992,21655051.43797248
993,3184827.569350153
994,1466905.063647272
995,821299.1170713184
996,1819120.141485491
997,3223578.546506592
998,274415.7703358646
999,1260651.5502431218
1000,575796.6307289919
1001,698084.6091718795
1002,1924458.165042183
1003,497579.98446116666
1004,4766079.188077575
1005,458556.19728429406
1006,5161861.059705433
1007,1404562.939979538
1008,2218969.202420121
1009,10929180.434699692
1010,2372710.5622759056
1011,2987912.409095861
1012,9340445.299362734
1013,169660.25951577126
1014,3522132.151390222
1015,267812.34171513224
1016,13080089.838467496
1017,812589.1778396561
1018,3255550.950269908
1019,661270.4020187672
1020,1951744.338807656
1021,4180466.383540093
1022,1618405.3950047367
1023,164872.3452957552
1024,6175659.44576412
1025,886944.3131538566
1026,3245126.76877088
1027,10900735.361254076
1028,1390686.4569091797
1029,221118.77687583413
1030,9461168.895755587
1031,3953680.909451757
1032,197567.52442609443
1033,581180.8804337046
1034,64183.01650436745
1035,9633054.84128276
1036,2131262.0631346186
1037,451026.3510532664
1038,3847569.65311994
1039,993132.5481505996
1040,170016.87053286465
1041,15624986.589821136
1042,754086.0074186629
1043,942194.1682180868
1044,430940.1216840034
1045,-118347.7166284745
1046,3933772.151754596
1047,7625414.990269011
1048,764054.904013827
1049,12242021.92565299
1050,1757539.9125115755
1051,24200642.757821318
1052,1316100.7663789615
1053,2078107.3661641064
1054,586521.7283008628
1055,12111551.873703629
1056,1253166.9992018072
1057,653596.4121652137
1058,2277658.604802667
1059,4490059.452659837
1060,2803627.9791177344
1061,3580.56349941346
1062,15509353.004677186
1063,1351611.8662130458
1064,1919759.5572721031
1065,1795686.4699046835
1066,205329.81468889004
1067,505103.3209902621
1068,1184328.6953358469
1069,785230.1784238723
1070,1043681.5349974044
1071,3162290.3178010844
1072,9050669.380282018
1073,1621232.727339925
1074,1021708.5955985276
1075,479082.5574042242
1076,25750843.84038599
1077,310808.82269131043
1078,995074.09084757
1079,1269022.2303548744
1080,2237322.0534237134
1081,2732107.644442356
1082,10128145.529284926
1083,1122475.0809355965
1084,2306366.9546079244
1085,279364.5456429926
1086,1369303.4779741734
1087,1383136.6826821822
1088,1244133.6690090613
1089,1292692.3091110596
1090,263776.1754168873
1091,7924740.55408519
1092,2469260.090158999
1093,1483865.541161119
1094,687565.259447018
1095,127762.71622308643
1096,1018181.4428128736
1097,1703648.0333284356
1098,422674.13011639146
1099,2703049.0604895367
1100,8839298.931942012
1101,3063319.526423337
1102,3316837.74152432
1103,4794647.512202381
1104,10340654.768150324
1105,6729194.815214995
1106,1947167.69498908
1107,3502741.6586394333
1108,5693038.228421001
1109,463689.8137385301
1110,1964194.428639621
1111,687518.8068680182
1112,534877.3687458488
1113,11253712.023590704
1114,2118622.6126717827
1115,214838.81463859623
1116,5407894.984897317
1117,6698932.91012508
1118,182370.8083982888
1119,268885.16688153904
1120,4558052.479495155
1121,9256771.548159232
1122,384557.8966632603
1123,2648555.914908627
1124,5441370.620013392
1125,16022829.758303968
1126,1604867.145536154
1127,301008.442572076
1128,1287613.5453601286
1129,1109667.62276577
1130,556468.7637868896
1131,3735880.866175672
1132,309501.00580196746
1133,1046180.8099353868
1134,3176403.066821672
1135,5033731.056504702
1136,413151.9041400859
1137,1110053.2986303694
1138,656663.613247095
1139,2773527.7312879567
1140,7676296.064490484
1141,3594953.1694340035
1142,1691799.5072988905
1143,3506469.717083808
1144,378148.0509808323
1145,1729776.8104433196
1146,1113582.5726829793
1147,851674.9580343517
1148,2575076.155394183
1149,2501629.891763037
1150,41490.9483379992
1151,1276653.6013746224
1152,285526.0244676479
1153,2617182.845013299
1154,5179057.555691694
1155,1061511.761421851
1156,20526.107724985413
1157,1804941.4082472597
1158,1178240.1875071104
1159,718289.0564689307
1160,2045718.8806756088
1161,6448557.104201069
1162,729268.9514992821
1163,5458069.255635542
1164,810658.4551519946
1165,1425996.4636677094
1166,1968090.8839910612
1167,12982776.192074567
1168,1959406.618100588
1169,4838056.983148419
1170,3219046.155202224
1171,381373.0109132503
1172,2344150.372270008
1173,1269263.5731032165
1174,44289.38107352458
1175,388444.733264921
1176,1927178.0226746576
1177,30727.75381568956
1178,180468.5306249491
1179,975362.0862415524
1180,635577.944608605
1181,162792.13826819437
1182,1446933.423897718
1183,771236.7769041004
1184,16133439.33910066
1185,650732.8742500856
1186,6082670.790886201
1187,3992114.757918281
1188,718093.2347216645
1189,1616410.928936132
1190,8737818.997116823
1191,507286.5508685208
1192,6020377.831999467
1193,7276458.099965882
1194,312608.1717869621
1195,1037425.21733773
1196,249953.4561023191
1197,2505406.499386756
1198,496159.6583319006
1199,223539.2476061397
1200,7213382.391327638
1201,1689394.5508259635
1202,856363.7054005557
1203,1085418.7665423015
1204,737073.9222405876
1205,2858127.029455264
1206,1670228.6040203045
1207,1333823.1063653743
1208,3803787.7279860657
1209,20420423.863325924
1210,12221633.717397343
1211,216788.64800634285
1212,2523473.572164528
1213,1916278.2340977248
1214,556546.7156042592
1215,1783114.756776672
1216,2310409.202030746
1217,2755559.7323911404
1218,1326846.255596239
1219,291233.9525245975
1220,6162055.483749863
1221,5153772.859425596
1222,3909627.001647349
1223,2781873.0030189147
1224,547895.0733969727
1225,1352102.54313967
1226,396239.7295616467
1227,1383636.7450130535
1228,521888.5888049522
1229,11157904.517890569
1230,413712.73054822383
1231,9197877.414432976
1232,1350674.8563567
1233,569567.252038477
1234,3758270.193594773
1235,9665717.768913329
1236,1922764.735177545
1237,300528.75185928866
1238,2741466.45717445
1239,2511531.796869053
1240,831600.9584995005
1241,2510681.168204544
1242,3573146.37521174
1243,1043582.9179653547
1244,248383.0747126141
1245,1639813.7535672942
1246,3268778.1614266923
1247,3563999.744653767
1248,10375703.395214424
1249,8031019.857664074
1250,125957.6356939963
1251,758848.4893768362
1252,2484825.94656447
1253,690726.8702255654
1254,2070263.184400267
1255,2077768.0134918685
1256,6986209.37853044
1257,1656297.951313795
1258,1476095.689325396
1259,424688.7168722763
1260,983304.709783176
1261,1175876.6062493736
1262,4640495.252861654
1263,2726943.400335718
1264,4568813.9526293855
1265,316295.8350389148
1266,1838527.664154437
1267,2655873.270693703
1268,745791.4066774426
1269,12992573.534332177
1270,10234489.317604788
1271,5621802.646732257
1272,431914.89376950345
1273,11435014.779914211
1274,499870.839146726
1275,660940.4389540739
1276,3503439.4395772936
1277,2558840.3382669967
1278,-13839.962793662911
1279,2087156.4205278647
1280,-88016.2938516211
1281,1653375.8863478652
1282,1049237.4417774533
1283,6505114.836101711
1284,1525855.454416949
1285,1378503.2062536965
1286,-216156.79370153436
1287,420455.1479170603
1288,72288.78527654512
1289,138117.98896379318
1290,481933.1911778968
1291,3546080.876087347
1292,1128703.687079454
1293,1763973.9184456472
1294,15836794.39857501
1295,8324488.943528998
1296,594775.2308532955
1297,892301.1850992737
1298,424401.7344635837
1299,1613879.6593267529
1300,1394023.254839511
1301,86395.30068991144
1302,716692.3740681224
1303,59443.03140826899
1304,3595110.958183093
1305,468318.67863327614
1306,28927.87000220956
1307,11057964.45913152
1308,2885179.8637743434
1309,8850571.158965945
1310,1037764.8007594472
1311,6765390.235060342
1312,3634394.744413185
1313,18579.1271358238
1314,20532634.088394504
1315,91269.36484018277
1316,15010054.813937012
1317,1642357.9134070938
1318,56232.49958928439
1319,3024604.4937575688
1320,416626.2320838809
1321,2961469.336851825
1322,505072.5651873522
1323,2870099.8656053017
1324,696024.2294029351
1325,2601834.3135825465
1326,2228547.475274035
1327,3674882.653892943
1328,7180908.376070074
1329,713525.9307730341
1330,1104385.2459017704
1331,898181.4298989045
1332,2777533.883441856
1333,11149680.744213056
1334,947791.0335494736
1335,1885639.8454122096
1336,728061.1232620268
1337,543318.0706905636
1338,736630.2613120378
1339,260286.77422606864
1340,358323.9678864961
1341,1911761.218415349
1342,2768625.310997549
1343,19861690.8245577
1344,580613.4412695706
1345,5446362.648593891
1346,3119366.9178343173
1347,3735505.23935109
1348,1890516.8777791369
1349,688295.0226491851
1350,2748361.569323508
1351,1998931.4486216784
1352,2397895.3976259446
1353,65775.30546401054
1354,1839183.748906793
1355,1111821.5860386048
1356,3126342.752102876
1357,3375841.651827362
1358,1165660.8085397682
1359,975327.6695677296
1360,616032.4339336177
1361,396071.87275820575
1362,399236.5855849653
1363,13750766.80701701
1364,3576012.941281692
1365,2205872.25534927
1366,945630.8296436376
1367,6481370.023973033
1368,1407285.5566246498
1369,1908490.2779191628
1370,1211873.5338347666
1371,4123183.289525631
1372,3319163.0256645274
1373,2049799.345342112
1374,1082430.4321549833
1375,2658247.269786317
1376,12203803.566674918
1377,771911.6380854371
1378,1966754.9680406412
1379,3770519.34782186
1380,1220635.06926784
1381,779919.6696188975
1382,298057.4024206393
1383,1637940.9198751538
1384,17089970.55721322
1385,1703038.703682776
1386,554819.625994546
1387,2173985.882512041
1388,6391013.299681366
1389,3802818.088641683
1390,44149.16717817525
1391,1428237.2272273418
1392,11356015.07808799
1393,3331457.1768785925
1394,827701.2889562643
1395,6053750.827143995
1396,7201995.507989178
1397,288945.3244339671
1398,2887958.5697283004
1399,3448019.1356989187
1400,2503059.992047172
1401,457525.9629171087
1402,2548559.625133224
1403,2853971.979519686
1404,4582040.022874434
1405,2206907.793208848
1406,7981367.994670491
1407,768953.6719660711
1408,3162075.984615632
1409,3156866.516432657
1410,2516449.109233668
1411,2435804.4253392224
1412,2689274.131864283
1413,4574383.977856623
1414,1047810.4343537953
1415,117434.20783197542
1416,362424.67384911305
1417,5481875.321625104
1418,1845331.1921254664
1419,10958881.39188958
1420,260465.9560697208
1421,39640.99048839965
1422,283554.7443499069
1423,17992377.494807635
1424,4929062.611965962
1425,4387368.597236137
1426,12155321.677764252
1427,230925.03099729624
1428,2079691.5305649757
1429,253594.33221778157
1430,2677627.89878214
1431,1080204.511201948
1432,1694092.4009564812
1433,19136239.15436604
1434,1849748.4242283877
1435,-44762.31958828981
1436,2678482.4287160425
1437,3429704.169321272
1438,5221272.812045374
1439,5185255.99913774
1440,402555.4655773848
1441,293816.25580541545
1442,2859932.1568087437
1443,2468570.176628244
1444,44373.979463159325
1445,4890853.391257806
1446,131056.27149591668
1447,7222596.863144604
1448,1317552.9365996136
1449,12637872.107548926
1450,435105.4288846616
1451,3671247.433625628
1452,1606848.5403852677
1453,914874.015682952
1454,1310840.8254380864
1455,2065608.3604496648
1456,4223164.508742245
1457,449154.5461776933
1458,369710.89543597854
1459,5027936.4238312
1460,439883.7027535513
1461,2372850.5984709966
1462,2743787.956400738
1463,253417.0994756183
1464,780527.6731847504
1465,562428.8378725728
1466,626020.4052727735
1467,107965.3703279894
1468,3768099.009033361
1469,5524655.996091732
1470,321662.9264899641
1471,13420151.666541278
1472,1078293.622232493
1473,1172938.0590439774
1474,1036081.1158839517
1475,1461072.2224201974
1476,4372762.902191302
1477,5834749.162959282
1478,3624979.20167434
1479,909682.968615512
1480,1054609.4532271249
1481,1559560.9952981607
1482,11159845.21593429
1483,56556.40078333662
1484,8724448.4209221
1485,1020850.0463583508
1486,15039313.890944354
1487,3903779.083739896
1488,1673561.842951828
1489,1436073.923950073
1490,522604.4194041084
1491,373482.2864984151
1492,757466.1696060736
1493,751802.5134956038
1494,1338043.9344767544
1495,486818.58162699465
1496,1582692.5238525146
1497,10323142.453174664
1498,161664.5421946461
1499,3401214.536245341
1500,10875981.03505648
1501,4166121.533740468
1502,388141.2210281597
1503,3501127.6944021885
1504,475656.2478852756
1505,817875.9044027678
1506,305541.80836603465
1507,1367181.329924955
1508,10090679.280780423
1509,1978398.3885512543
1510,3434434.646383129
1511,2002224.8202231452
1512,223799.4781431548
1513,1650309.5334302608
1514,357716.53334535053
1515,5239408.702301391
1516,1811445.532192536
1517,2902505.30115575
1518,4203594.289373718
1519,1726569.9870935744
1520,250334.5244547776
1521,732067.2788330092
1522,1268283.760597385
1523,8070252.17196513
1524,1161532.9416858957
1525,560862.3691923853
1526,550601.470186612
1527,193306.5615439643
1528,181222.0067086461
1529,1335314.8660694892
1530,6721567.11592917
1531,5362042.16361414
1532,131308.21266797505
1533,2648082.034717537
1534,1123867.932188897
1535,1682893.985045395
1536,1251025.7938714302
1537,15462299.292139389
1538,737777.7299674733
1539,7885488.397895499
1540,1132789.9062805832
1541,347076.54908411915
1542,1932776.0007244064
1543,4713160.9749142565
1544,2602004.8556496184
1545,3716346.835081878
1546,3244936.844826444
1547,3626880.6864754986
1548,1013844.2647986978
1549,1218853.402576991
1550,2298142.145072405
1551,598357.1290333522
1552,3948306.9881104818
1553,2880474.716492468
1554,3300641.3289181697
1555,108321.44041850654
1556,12556050.222492632
1557,2412032.7714344217
1558,115128.78791110276
1559,821171.3114370101
1560,666838.691684139
1561,3327755.502276698
1562,9457689.342072409
1563,9764458.513142811
1564,-119203.59333038508
1565,169723.67325909008
1566,2082356.2290505532
1567,2793044.559813691
1568,155787.53037845684
1569,2126351.957117963
1570,979935.5469072656
1571,3160236.698894352
1572,6774939.441126211
1573,961984.201785596
1574,7169176.875060953
1575,3150103.57953416
1576,4193446.7655007
1577,901993.0452501528
1578,18069727.62122318
1579,525085.5674283213
1580,141117.36494947568
1581,1002334.5223890368
1582,2991714.1282670284
1583,3096705.710222508
1584,3451074.5988091603
1585,5976647.210873608
1586,839507.4789546736
1587,8005628.369475563
1588,3466390.803256288
1589,1534871.9541886954
1590,399954.5777220997
1591,476868.671471086
1592,5863817.645386791
1593,1986897.38251858
1594,14852113.612881787
1595,3931144.156049556
1596,1117273.4226745537
1597,1681809.7536654624
1598,838273.7736555225
1599,9816563.665551623
1600,2350074.9814080875
1601,12946844.789370865
1602,201857.8896330071
1603,2937987.1224844754
1604,2568685.882129082
1605,139753.9521490003
1606,376890.9150582336
1607,11676111.034555731
1608,1647975.43929643
1609,5093251.3501839945
1610,3065735.98016598
1611,2989698.9307621703
1612,1335808.2447405823
1613,2435862.175375376
1614,3257393.1039023586
1615,2621446.474316222
1616,11010633.26689907
1617,399031.5474134036
1618,518563.367363862
1619,287899.94184602506
1620,4418545.206794908
1621,628003.661749777
1622,-70654.22829285575
1623,9129721.926864415
1624,915477.3708872008
1625,4648763.488094607
1626,961456.0156327536
1627,972353.3694328584
1628,2459962.768647341
1629,1398755.6788746472
1630,192664.84630937828
1631,2938752.925425122
1632,1017789.0105149606
1633,1038535.9569424331
1634,1062867.2920084894
1635,4607282.5104533015
1636,3764687.656017954
1637,12575574.255823163
1638,1841750.224160385
1639,687234.4016707011
1640,2111420.547302576
1641,5695119.4631104935
1642,15406108.402554568
1643,165935.735616368
1644,708549.6285411443
1645,145295.8745061316
1646,1676821.1848996184
1647,1051057.0958356815
1648,243677.04373108133
1649,548241.6279366538
1650,295752.85141483485
1651,851654.1130321237
1652,131300.20240044987
1653,1145744.110202671
1654,795459.2876883872
1655,595053.0214132576
1656,1279832.2385551136
1657,12018502.386495324
1658,291469.53383998945
1659,745461.4852458376
1660,246844.04799003236
1661,15947108.292438893
1662,570653.022682633
1663,316748.3619783202
1664,10578698.89725818
1665,7005133.025445612
1666,2008334.5809590248
1667,1275639.825487764
1668,7772646.649422191
1669,724778.7280913354
1670,2208408.337647225
1671,1112504.7404944436
1672,329892.7469982158
1673,589727.039388023
1674,881521.104774914
1675,447820.43237567216
1676,13614519.371533051
1677,3621086.7764599193
1678,4310755.311755557
1679,1833456.4194960576
1680,476049.24614458927
1681,912064.6502071576
1682,3835637.2452881946
1683,392842.7823938249
1684,567980.1291353852
1685,575624.1080857086
1686,4705346.971724191
1687,1382679.1649711172
1688,1043709.3454158189
1689,729491.3010486691
1690,1349854.0779664924
1691,13330120.650138894
1692,1820477.0720696957
1693,8177426.368672708
1694,1325880.3490800974
1695,5437111.229676524
1696,8431437.278561328
1697,4390624.215220012
1698,2036604.5795814733
1699,6725329.893420145
1700,2050875.613948408
1701,804811.829413644
1702,335848.6291146311
1703,4554231.104568762
1704,16536199.26117054
1705,165378.83547111656
1706,4257834.709564993
1707,3610818.662052102
1708,1482078.4943896935
1709,3786377.9775295528
1710,5986175.656422656
1711,5144679.3790284
1712,111171.6905170299
1713,465530.3545283335
1714,1910208.385045865
1715,53462.32669962492
1716,193779.6327236
1717,1910534.869791927
1718,643353.8765454132
1719,469715.92242543097
1720,17455145.757547744
1721,1804890.4929242688
1722,7724514.7475568
1723,833087.8729415272
1724,12121444.791396808
1725,130187.10356883518
1726,5368783.881026249
1727,5143822.8468873575
1728,1327414.3590037045
1729,3627208.857174248
1730,11622223.88666938
1731,2751382.489299859
1732,3179568.5561000453
1733,539882.5663788114
1734,963349.6730818482
1735,2523356.080691949
1736,1227600.5689973312
1737,1624972.6321169522
1738,3833037.7147816415
1739,2270343.243720121
1740,771734.5228359941
1741,1164850.480763208
1742,6233970.248811102
1743,3140464.0786715616
1744,7742013.186848527
1745,1085831.8546610724
1746,1677000.3526934565
1747,-30371.7304583105
1748,8784080.34104316
1749,3443492.1862768
1750,2706754.5306973592
1751,13490829.23479883
1752,3175750.5972698936
1753,3088091.913998533
1754,1138915.557266489
1755,1050216.3740737047
1756,831248.5912727208
1757,729264.8965289072
1758,1142990.5097581516
1759,1410380.1823244058
1760,8517922.57248904
1761,10379548.849660192
1762,1111921.4941577937
1763,6438670.749830209
1764,1032817.3411264444
1765,2335158.468312582
1766,95440.75023141089
1767,317540.3303677856
1768,313542.19079248654
1769,678567.5079722808
1770,6824225.426961315
1771,571688.1221630438
1772,1410456.3071015151
1773,1595351.2184123013
1774,1376873.4951441423
1775,261709.33333135376
1776,1153454.71689069
1777,1051137.4496972358
1778,3850853.082698601
1779,14358176.442626843
1780,2708376.5779128657
1781,4527312.368902323
1782,4001916.1093686623
1783,10735760.710401123
1784,854729.9880374826
1785,1231354.7305649985
1786,985785.7185106494
1787,2014998.2823402456
1788,1650958.0628975702
1789,1296578.500213657
1790,7545173.380938789
1791,629896.0066459898
1792,2943019.174442419
1793,2593534.3561087186
1794,15733868.698739631
1795,6043813.976546848
1796,3453959.8124011382
1797,199385.30473942292
1798,1038673.3319755445
1799,666395.7088751281
1800,19257173.11675244
1801,10788250.179069996
1802,1493045.0415828556
1803,3449987.8352220864
1804,3577827.303399316
1805,106566.76309162212
1806,375983.7667149672
1807,4036751.652610346
1808,218251.69950087185
1809,5290234.377617054
1810,134999.7112818641
1811,142871.85128946716
1812,421851.1123330933
1813,874686.4124241661
1814,2371051.1039299318
1815,88529.34906924693
1816,2295729.570181917
1817,148335.91127974782
1818,8627625.249986732
1819,171333.5401480225
1820,1284498.4694103554
1821,24407.308230102848
1822,-24679.66125128397
1823,9488224.05948582
1824,409250.4125507609
1825,18194.222182347105
1826,1109483.633268017
1827,14132589.415812133
1828,1635484.3442375096
1829,-110187.64922813878
1830,1618206.860081504
1831,250284.80970283507
1832,152825.60079539646
1833,6149494.427086988
1834,230100.58708982985
1835,7053213.118295031
1836,347191.61332747445
1837,12892302.085042331
1838,1232836.7895599322
1839,1347505.506188032
1840,2758749.790901362
1841,1823904.8228734145
1842,417844.0486210281
1843,9653818.0906353
1844,13821941.381641457
1845,1951466.8146338132
1846,2295978.6912220893
1847,3073332.8531957567
1848,5711059.05957724
1849,1386056.8401236497
1850,14031003.160366343
1851,4730613.28990132
1852,858802.8953190047
1853,2479055.443508705
1854,1680745.295937477
1855,603390.4624774477
1856,9557994.132559478
1857,9438437.313496877
1858,3112630.0555925136
1859,1862416.148159123
1860,5979940.717358971
1861,1224204.6760590773
1862,5174686.924306696
1863,8878141.242168114
1864,3191004.4321788447
1865,3588425.868686533
1866,6839005.956626513
1867,583559.9670767783
1868,303453.636496678
1869,3651259.063445205
1870,2676967.8878989373
1871,4806587.982144411
1872,15565785.349155609
1873,210531.1828719588
1874,7110872.079290692
1875,1865047.627349236
1876,4279432.554977511
1877,616011.824374988
1878,1772538.5548482598
1879,353697.2937318769
1880,6112826.373451959
1881,14787688.094630497
1882,2103417.0477237822
1883,1930195.7985389205
1884,13859851.041766958
1885,2421286.9094320806
1886,901535.9125546633
1887,4204047.207851726
1888,5384637.659471739
1889,1012927.4030221482
1890,2344928.122974174
1891,8859784.746512178
1892,4402585.379335536
1893,860557.1384095183
1894,7564438.271401042
1895,264803.1379093223
1896,5516601.891501851
1897,13988582.76228622
1898,1566258.6504118082
1899,479305.61081628513
1900,451746.762614748
1901,662816.5070206217
1902,5903023.462832775
1903,2912858.6232277034
1904,934984.5109153328
1905,1346913.963694213
1906,1929859.8943961312
1907,483533.2438615693
1908,4105105.6789652486
1909,10355678.150121044
1910,8137949.861065634
1911,129579.03629014811
1912,372900.4376197456
1913,1897213.392318726
1914,896763.1241645502
1915,619534.0308662502
1916,11602669.577185022
1917,4479941.498356071
1918,1259476.886145205
1919,4037123.800328226
1920,11725199.45876685
1921,1780348.4787898848
1922,2662375.0292682573
1923,3455856.6652180576
1924,4546687.718792516
1925,1438068.113559742
1926,2465039.08332838
1927,5715611.17892547
1928,806960.6350574491
1929,1510059.9941596263
1930,2449694.3317748588
1931,527060.5387483498
1932,123223.93277044332
1933,501541.36739474896
1934,1026571.3033044708
1935,5068808.537789201
1936,1366886.014237459
1937,1351930.6005621934
1938,1671710.8935455747
1939,5302236.677228422
1940,3827632.1355835274
1941,3473751.628764477
1942,524128.10883597215
1943,3819081.849646195
1944,1041963.6722151344
1945,2949770.8910842417
1946,4677003.498190749
1947,1682092.4126087036
1948,1299684.8269894123
1949,-37806.97409868111
1950,3614646.262659169
1951,2098999.491532871
1952,2281375.890461445
1953,1144526.392092498
1954,422071.59841439605
1955,2114110.86259224
1956,64782.887274455454
1957,3755167.701228201
1958,736098.9294328435
1959,1750007.4964162358
1960,2255498.0626538773
1961,1538982.1646791776
1962,2748184.741313964
1963,1515649.519428735
1964,1201494.0200912224
1965,2211677.777359772
1966,865860.7927764389
1967,1832880.8110981707
1968,3651973.619586652
1969,10925696.939358328
1970,1640864.184195439
1971,465002.7027231031
1972,373118.3627012722
1973,6888924.257776624
1974,3337617.885757888
1975,4287589.215921391
1976,2936287.367054794
1977,396253.85698591766
1978,4737165.051431192
1979,3123453.851887997
1980,1325531.2094965945
1981,371122.3382683281
1982,2315794.032725118
1983,1469944.1434070626
1984,4105971.948196887
1985,2702139.928640077
1986,3856362.549384725
1987,3646126.8548764023
1988,815436.5141758459
1989,1053596.6601443614
1990,2553854.114353323
1991,4273671.025200198
1992,4077651.565256408
1993,5545083.520682039
1994,402360.0122676566
1995,713192.3531072855
1996,722577.9036300353
1997,11619.6872159849
1998,1873500.5758693276
1999,1090008.7795716664
2000,18777.15211118544
2001,9622908.38827006
2002,7360259.947551551
2003,913811.5418836296
2004,2693756.100069433
2005,1610893.3233911777
2006,-399056.9694250921
2007,288923.16144888767
2008,3862735.667351207
2009,1377514.561988885
2010,15420479.380813211
2011,1316711.885918993
2012,-89493.944972506
2013,9082508.08670006
2014,250130.1945223484
2015,218507.79941737515
2016,405375.9739810623
2017,3919177.919863671
2018,-24176.48354681292
2019,4623756.819481289
2020,4672466.827137188
2021,753727.9462272621
2022,2470196.266237118
2023,1000717.5714824692
2024,1492447.505275684
2025,4967623.35674563
2026,10101420.670296757
2027,1243659.904312434
2028,180520.27899552588
2029,-12362.142880296662
2030,13503198.125904595
2031,594383.6859835977
2032,3453676.355850745
2033,1250070.479465351
2034,3654513.7075645584
2035,117268.41843406584
2036,1225916.520843045
2037,1878894.7796121596
2038,914942.7109911912
2039,15845114.661176912
2040,400858.1552222376
2041,4916772.8978771325
2042,3817996.622008877
2043,74424.08074182543
2044,269415.5483562717
2045,612040.1345737923
2046,813711.4046149715
2047,527456.4713294462
2048,2328596.8457656307
2049,2943993.844977632
2050,1020454.9445049434
2051,12213068.52416656
2052,4243981.693240476
2053,1295438.8986294365
2054,4409566.594160481
2055,1349579.2870669086
2056,9339991.462436749
2057,459725.3701598344
2058,2996831.7303938265
2059,2273988.7910288074
2060,1892227.4311256977
2061,2589954.877044916
2062,9702067.59060454
2063,779027.8183333287
2064,816583.4143591216
2065,1743496.3740398516
2066,2888618.1139269704
2067,3874597.41794184
2068,1178227.4290857422
2069,566401.5405705862
2070,2230275.6304932134
2071,146225.10968386743
2072,3850771.1732048094
2073,2187774.175742363
2074,644320.3842453544
2075,978886.2713231442
2076,3153584.641031054
2077,819163.8787552736
2078,96448.54216842048
2079,930169.1505139432
2080,8542871.727533404
2081,7066.987089742775
2082,1220598.2880933138
2083,1955615.4587999205
2084,537431.5006320362
2085,7098940.643904625
2086,1460297.7913747428
2087,10562722.9316338
2088,5161959.098903827
2089,271517.6796427329
2090,205629.44853310825
2091,3514538.38134427
2092,4998502.14747612
2093,173550.24698569972
2094,830623.2950515164
2095,599415.3071191082
2096,933154.0935170848
2097,350795.9298005608
2098,3126034.6745022573
2099,3826974.7610849375
2100,14606.356968582695
2101,1526878.8570537083
2102,2557172.402633208
2103,554361.7125494799
2104,4371148.790289434
2105,1686222.059449101
2106,1113049.2575645822
2107,354746.95141620305
2108,467272.66347990034
2109,707885.7437260811
2110,1976993.3299901383
2111,8722287.991835272
2112,1992730.2814881825
2113,173521.5929506056
2114,1798326.3768483973
2115,1857462.6720561609
2116,1022715.5002931583
2117,865479.2183621773
2118,502885.9455811797
2119,10934460.522680923
2120,2734030.6356215496
2121,5894077.463475888
2122,979710.5162966005
2123,2406651.5621639835
2124,3018419.2496705614
2125,4268183.01651856
2126,4830275.603706121
2127,4202952.726468056
2128,785690.2449140727
2129,2165095.184028383
2130,2549281.445488602
2131,342122.3522361297
2132,283879.68378533097
2133,4725355.520974662
2134,1133874.9370886288
2135,-32872.78613054336
2136,51990.60971848226
2137,1081214.147810462
2138,487896.3638398078
2139,5518294.005794183
2140,642013.4181259148
2141,7265973.531494734
2142,196365.23595651813
2143,1400584.2616465453
2144,4289730.887951137
2145,1180234.1391870235
2146,900448.6278799487
2147,1282561.8115338555
2148,1762719.1647178056
2149,2664415.007517027
2150,4617553.166756626
2151,9231995.965594577
2152,7353456.283412868
2153,5268366.615563702
2154,300250.6069163518
2155,455019.46357034496
2156,415063.2244183776
2157,3380502.0626652744
2158,2649353.365208033
2159,946684.5801514768
2160,3116916.3970173835
2161,15258919.923405455
2162,1521370.4883383934
2163,1289102.606363633
2164,1238239.7645382723
2165,2679940.9263166864
2166,4014205.856764589
2167,2298187.2858214625
2168,-55753.56946717104
2169,3104674.906855284
2170,1185103.3816021562
2171,3405348.6471846043
2172,6058022.814106192
2173,960609.4218605004
2174,829630.6785887146
2175,4913587.09292293
2176,1066777.8694966668
2177,11480893.986237412
2178,313030.44286148564
2179,1776688.5361629848
2180,15886450.58626766
2181,2991441.3178218184
2182,9088907.741707616
2183,2358378.9292920986
2184,1477183.4827870454
2185,169922.07039675256
2186,5869605.716676914
2187,2513214.2137103
2188,11655094.636668447
2189,1239074.621836206
2190,142584.15737822317
2191,477957.4029440064
2192,21758589.5386665
2193,8370305.889345886
2194,6186125.237971857
2195,180624.50290919424
2196,1300350.1277842186
2197,147594.67341179575
2198,222283.3803375479
2199,2921059.901335109
2200,3411290.6210045475
2201,1677138.3026832673
2202,2562887.2345480146
2203,-35913.6193868711
2204,3028865.6789026703
2205,524654.6660379219
2206,2547359.203872524
2207,10366793.948127322
2208,2410042.1091370177
2209,13835211.49034691
2210,6832372.224361513
2211,5124715.624528633
2212,15498931.81241184
2213,1181283.4757172132
2214,1235221.2825074273
2215,8531854.661244834
2216,609529.6522734014
2217,634588.3522825285
2218,3693718.8875297448
2219,2178944.4700421537
2220,1659649.826576176
2221,2889839.796473713
2222,3396770.618799499
2223,5125161.345210254
2224,326091.51449999143
2225,276674.3340043266
2226,16041627.525013452
2227,205400.72981061807
2228,740433.0084275319
2229,8059047.333512602
2230,4281255.511815866
2231,9710193.857323015
2232,11904637.34470066
2233,338339.8230221368
2234,1588810.4879044036
2235,249817.5729126629
2236,2174518.532591652
2237,2399572.879046439
2238,3120759.5506295823
2239,3922925.1893461104
2240,279381.4140522672
2241,481250.36243724416
2242,9692174.158905825
2243,1043941.8804907784
2244,939930.91087318
2245,9365886.199005315
2246,601867.5762650622
2247,104362.7610498596
2248,668793.31008873
2249,211742.91983166736
2250,132585.44384394257
2251,325939.36231295846
2252,2195759.372386964
2253,870864.428642415
2254,1253529.8562237776
2255,1564632.7468282464
2256,1066067.1285365648
2257,5102855.469208848
2258,1334252.5237986238
2259,6608152.692979244
2260,413916.262433539
2261,996053.4847144984
2262,-252210.3185168692
2263,836846.5887312957
2264,633562.6267302594
2265,698401.1060675011
2266,4084016.6002757065
2267,3356080.7042429666
2268,3514319.645447056
2269,7924563.355030021
2270,218128.0560250069
2271,563174.9433965163
2272,1225680.9303044428
2273,1638406.294439389
2274,4594107.136494005
2275,6307918.772909769
2276,421953.1069220506
2277,425048.41123208776
2278,750653.8040881895
2279,631352.0793850792
2280,2132356.7700739987
2281,323082.78844908485
2282,7407227.253185512
2283,1330948.972253478
2284,640894.8380770851
2285,66522.43311613
2286,326857.5124944997
2287,6227331.091029747
2288,103950.81715033072
2289,273303.0656129961
2290,3563515.5863704886
2291,1829510.0865821936
2292,1235206.615826432
2293,2755315.182464096
2294,1306197.4593818355
2295,1293172.4949126027
2296,173316.0314813408
2297,12833900.740436511
2298,518370.1594299915
2299,2910390.808270678
2300,302452.67561713967
2301,4815123.585694641
2302,1729818.4274967008
2303,1068145.687207054
2304,7638217.282332093
2305,17250154.41904977
2306,343237.93267658947
2307,2120142.5876028603
2308,1298168.974656795
2309,1319769.476963556
2310,1427605.7980196653
2311,2270497.486143087
2312,3523142.9786712406
2313,4891526.245322056
2314,13576023.344480028
2315,310397.08615349955
2316,694672.7716351715
2317,1188354.2103250867
2318,533563.2482394992
2319,5265148.974149268
2320,3909064.346107112
2321,200678.8319324944
2322,5153959.588683038
2323,2276413.895717571
2324,8802416.981675813
2325,3582991.845607852
2326,32622.552224556843
2327,783860.6973524126
2328,6332223.435375704
2329,1310521.1480391545
2330,828632.5704181346
2331,3536907.507559637
2332,2214543.747839548
2333,5029113.787261179
2334,3199899.6820335314
2335,4715692.056317082
2336,452488.80103086506
2337,9579995.977509605
2338,6935852.27624837
2339,3685003.924758752
2340,5983553.556872856
2341,384216.6237153392
2342,1787525.8267258145
2343,6014170.104045888
2344,3454914.47202943
2345,601576.2227596822
2346,3661543.979628482
2347,5912470.908767077
2348,6473224.361501702
2349,106707.96726345328
2350,1048678.162100725
2351,1250863.7470506034
2352,411279.61880781467
2353,1691212.5811059792
2354,2821956.624345476
2355,-67201.0990892853
2356,4290909.937352688
2357,623408.89184592
2358,3265873.3949761195
2359,1995427.1788944425
2360,316890.6609478261
2361,2462149.079764123
2362,430002.1735255431
2363,10809201.329825647
2364,2519534.655652882
2365,16112131.724304046
2366,905863.53174307
2367,5750394.380803856
2368,1748166.2019909034
2369,1176938.50387616
2370,1154238.0905498806
2371,257600.8792171605
2372,113500.23832240756
2373,1454143.727118108
2374,8487946.250328887
2375,3996908.8557081735
2376,9750771.925444586
2377,2147914.8758720057
2378,690179.8737858554
2379,2627635.268169892
2380,2880956.5330951493
2381,5220520.042897072
2382,5116902.405337582
2383,308286.1775807587
2384,9194253.568720575
2385,7327818.311161324
2386,-226.04888052101887
2387,1139827.5512327268
2388,1527463.14769984
2389,3704889.242106162
2390,11465061.222175175
2391,1569376.6605889658
2392,131815.55582052085
2393,3162231.376317186
2394,126875.4093345926
2395,2005684.474622853
2396,555392.9706565875
2397,278150.7318255743
2398,3309010.896444333
2399,509643.6712559599
2400,4159032.6155874655
2401,126772.42966943645
2402,1098677.3021544036
2403,6650231.387075746
2404,1989502.855704156
2405,2768577.210351442
2406,3700820.307010537
2407,329144.5032229029
2408,4185657.678199095
2409,3436692.157582781
2410,13219945.0410329
2411,8846144.053255187
2412,4375190.123236163
2413,1321568.7431962024
2414,181021.35765911484
2415,2487746.778313068
2416,1576683.663283297
2417,8598696.85388636
2418,1172819.0618969095
2419,942531.1942398592
2420,2094273.0300136204
2421,5154850.564414134
2422,297588.1624203705
2423,3169047.934810389
2424,3335905.041911926
2425,9873450.028889772
2426,2277558.444355
2427,1487623.127273914
2428,3967569.6675488474
2429,590626.7300727819
2430,4323122.462408535
2431,848603.9638951719
2432,671155.0077438094
2433,2607077.1868455736
2434,864305.3148868142
2435,507792.77162927634
2436,224239.44966186248
2437,3984683.029278157
2438,250710.83747606285
2439,563730.903946206
2440,4444577.77400819
2441,703216.5443647604
2442,1180567.9433050116
2443,931356.203654304
2444,3264265.4989909674
2445,3218509.245817261
2446,1212600.1326677264
2447,10604431.49483874
2448,2523355.3641731557
2449,2505052.6084703854
2450,138780.2595296503
2451,8693141.231920328
2452,1580477.100396898
2453,5144281.220360488
2454,2709650.953340446
2455,1460882.533009045
2456,1871370.400455298
2457,798401.9881844884
2458,584355.2654645625
2459,59134.19592113255
2460,1839431.7379318976
2461,235473.26329448013
2462,417284.6540752195
2463,3790499.158314285
2464,396917.9203999916
2465,2655334.669273888
2466,929013.3619976732
2467,-150020.36798761517
2468,7022199.415256729
2469,85495.56817983254
2470,20076444.60748958
2471,101415.42374964245
2472,320788.8652932667
2473,1031863.502907427
2474,5358496.544037043
2475,2278757.053835104
2476,222149.81944088897
2477,685253.3469198404
2478,2957831.6229184237
2479,60410.47548963301
2480,6641053.652841862
2481,515206.3894489637
2482,3476348.0186670315
2483,1848028.46205776
2484,457957.8782792104
2485,646023.919133038
2486,17041120.595689416
2487,2436088.57452506
2488,12251993.217004122
2489,2631763.787662771
2490,754687.6413412415
2491,3795738.842191956
2492,942010.348243876
2493,8516239.768257927
2494,13469701.30486209
2495,3581093.988755376
2496,3155388.5403646994
2497,10201302.24577291
2498,226688.9302369496
2499,511523.388752084
2500,429205.1347094071
2501,5679561.14031215
2502,391977.2177616129
2503,3224829.561576566
2504,97469.1762689496
2505,923756.98863771
2506,6054037.383758505
2507,3809546.41008409
2508,273978.44851983024
2509,1515050.0743729111
2510,3432276.39660046
2511,235952.44704963436
2512,1450542.5414749407
2513,285531.1832488568
2514,15281430.319992546
2515,420979.7485702579
2516,165241.34424810493
2517,78564.58911917763
2518,532268.359866231
2519,2383253.420454235
2520,5093873.248164382
2521,756857.9327723387
2522,5352101.203441151
2523,1341344.6579952396
2524,5859979.417544944
2525,849985.7974849582
2526,4186345.304396363
2527,1902503.0408375
2528,1378711.3586032176
2529,15573184.28324136
2530,2287995.618063949
2531,4467262.470229088
2532,2455433.563995172
2533,991487.779787372
2534,476713.7017127428
2535,161183.29911464025
2536,444830.7388338803
2537,3123187.477030692
2538,929271.383713608
2539,733527.6350236894
2540,961980.0336682756
2541,1299423.8013056098
2542,566328.53784739
2543,878961.7801377326
2544,3854433.820209496
2545,11105527.64283803
2546,18793246.65472104
2547,644502.5078721326
2548,2637744.6619397365
2549,62585.06842470661
2550,5953485.523103124
2551,10989310.807401368
2552,1241279.0076364654
2553,493387.3340713119
2554,4353752.119385675
2555,2761826.74839568
2556,2091074.478190679
2557,14409262.733489968
2558,1123105.451795115
2559,415565.5813106042
2560,12435936.442200003
2561,354240.2102266581
2562,1818482.1396696805
2563,2511661.277916209
2564,6645018.751495868
2565,615135.0483112688
2566,1253561.0978938483
2567,668987.3397331112
2568,890219.8035560325
2569,317691.26478481374
2570,2287417.5829420625
2571,3189224.955260901
2572,4487654.46100137
2573,902810.195718596
2574,3434192.243765452
2575,2439713.71615432
2576,-29294.919679335115
2577,10358929.058281315
2578,6636837.557810126
2579,652425.1222908206
2580,1978560.2917832343
2581,18093733.75868573
2582,846690.8644952907
2583,7653366.02838807
2584,17199496.870247632
2585,462646.9010550008
2586,72626.0757043992
2587,914747.7491445869
2588,250873.1584311229
2589,197291.08238413077
2590,-4846.840711084355
2591,8066785.147645599
2592,952023.5494713894
2593,3621718.2822669386
2594,2172914.23878293
2595,3254456.4299259637
2596,1124529.894527914
2597,8231123.603610052
2598,1224734.3515706777
2599,1329087.2456441447
2600,380985.6169750482
2601,6810807.983785903
2602,624878.6419287017
2603,11688531.64224841
2604,3232000.378303742
2605,766678.8234627391
2606,3978792.3469695137
2607,4218834.848265035
2608,2189394.624641315
2609,3681665.778224642
2610,3165663.744433838
2611,3742226.887157033
2612,44019.063884045696
2613,1727184.180408124
2614,729104.550304792
2615,9653898.717166856
2616,203648.00252664048
2617,9868727.008262146
2618,4207001.574618978
2619,3167411.8747058813
2620,442366.7912337945
2621,4655571.995573055
2622,5262812.339844361
2623,1449960.64935332
2624,978500.1068594368
2625,9757632.369430508
2626,6311463.615143019
2627,12752045.82456256
2628,11409099.71698374
2629,1087648.181134837
2630,4927372.937228916
2631,15943592.997329973
2632,5696500.297695279
2633,2070962.1796165337
2634,1326481.6750427226
2635,67850.38801306277
2636,3049988.83729818
2637,2133224.9338014964
2638,615601.9682833715
2639,561902.1104833082
2640,5186679.918621425
2641,5153474.257982489
2642,3381471.086833141
2643,5806436.706794874
2644,4071672.085417347
2645,50119.94983162079
2646,1226283.7066322202
2647,476595.1587690363
2648,993216.3299546218
2649,-11448.34055883615
2650,5603635.427548889
2651,1598174.4785662314
2652,7041696.691448199
2653,4798391.383734548
2654,3434573.3985678875
2655,12410102.980381696
2656,537039.2299256652
2657,9987546.302101616
2658,472378.4303527932
2659,2354842.2836089265
2660,646744.7205672322
2661,1529911.052484059
2662,593738.0418573061
2663,453432.0308818359
2664,4321803.326821395
2665,3872182.040265656
2666,6884388.436967902
2667,2817101.490149352
2668,8507332.746255089
2669,2308544.884204769
2670,4300154.485003582
2671,973416.7098979554
2672,1580417.9341246907
2673,835434.3768848497
2674,8464425.721249396
2675,893960.5621185915
2676,2096413.933702148
2677,627673.5003677123
2678,1153594.7844471994
2679,124124.11578935671
2680,3224830.9469503257
2681,12521518.94044002
2682,641259.8322211382
2683,5812526.972626105
2684,2385826.7420569835
2685,4132920.718802262
2686,7232914.136070841
2687,332012.9830687571
2688,1950058.1495941645
2689,2255398.311398873
2690,979289.008210412
2691,6203098.649726491
2692,80204.54452180889
2693,1176744.2305068
2694,997763.4377624296
2695,959774.6346508266
2696,1530049.851694757
2697,5896045.236822734
2698,2453983.0989041785
2699,168356.86419669862
2700,1875377.5732620785
2701,6961024.400416956
2702,1254506.379784054
2703,4704510.683627366
2704,3338565.161250732
2705,9872321.455369508
2706,6623135.712839189
2707,2090365.5058420864
2708,3028497.61837641
2709,3818600.9879763145
2710,507466.2579306102
2711,1249262.863180258
2712,5778297.589935632
2713,2741956.824709604
2714,2162608.454744122
2715,1887729.9875443124
2716,1181144.9340950788
2717,390953.5981470457
2718,1998422.2666179773
2719,2628754.4581767786
2720,461848.6500524834
2721,859659.648220679
2722,4294346.143217866
2723,13342119.46538412
2724,5095987.937461094
2725,68517.58487580929
2726,560063.9203435523
2727,5516815.775769644
2728,1333495.1684877845
2729,5985438.073615897
2730,8257160.226455664
2731,2287267.1537299324
2732,245543.0785955194
2733,4815132.896439811
2734,2082022.1019819528
2735,1014690.8784054548
2736,453211.76945179526
2737,402452.0424542565
2738,2317801.1468242784
2739,393588.3224697624
2740,5456164.027818878
2741,529226.6732651527
2742,1782879.80736818
2743,9394179.829328876
2744,1537957.7981058226
2745,1098167.0912852236
2746,525007.8391350142
2747,-43454.31767204979
2748,753866.7618700803
2749,271197.9948635069
2750,6151193.823783768
2751,838639.4870181555
2752,13457927.91538732
2753,8290480.224088803
2754,377869.0179083046
2755,952458.7617946966
2756,1284113.0599571303
2757,200216.3723061505
2758,830391.0273148519
2759,85397.39194118549
2760,3103239.450793325
2761,1835874.392207631
2762,697078.9577062638
2763,13602.09856437138
2764,449326.2760214977
2765,3125209.5392445447
2766,-88134.30530524609
2767,1154667.0103338256
2768,1788583.773552613
2769,1293396.3142377532
2770,5043268.72277486
2771,1298886.475536774
2772,9520763.91781324
2773,2485908.449741896
2774,12051836.433940666
2775,296602.7685534165
2776,5816460.742978656
2777,3609821.7941348255
2778,127399.17248070428
2779,1898159.8762436851
2780,2750825.498088504
2781,189056.63693047984
2782,1048280.810892372
2783,654994.8682618085
2784,308157.8337824121
2785,5141422.7321498
2786,2063298.590501483
2787,12825755.329712618
2788,6221531.803885132
2789,3479566.6175748594
2790,2968923.736446279
2791,11850131.376211464
2792,7552.265808378928
2793,324301.46698310773
2794,2397789.4288533963
2795,2259971.304831861
2796,5143091.486466364
2797,-50078.31946339749
2798,261034.98731211812
2799,2545456.035707481
2800,3279836.3100760374
2801,10621595.04398426
2802,14906970.522591123
2803,1489572.9051931202
2804,7615431.879575882
2805,6972789.781292445
2806,1609938.309086037
2807,1558229.3073938712
2808,733825.5564962411
2809,11283798.294878485
2810,578526.2272946262
2811,341023.52416315675
2812,13420322.08839035
2813,11135545.056187944
2814,1118516.1512381576
2815,2606556.917177542
2816,547436.4300476618
2817,2258114.787577478
2818,5627597.743715085
2819,1090770.9406107727
2820,1559287.2594273435
2821,1471344.432929484
2822,5649183.907734718
2823,-85941.5484199145
2824,4917306.60588903
2825,2819206.255091674
2826,2790770.574875609
2827,1794232.8918988314
2828,1109870.7628648926
2829,104190.63309709931
2830,12065551.48949714
2831,9992106.671594843
2832,8009879.735539872
