PLAYER_ID,RANK,PLAYER,TEAM,GP,MIN,FGM,FGA,FG_PCT,FG3M,FG3A,FG3_PCT,FTM,FTA,FT_PCT,OREB,DREB,REB,AST,STL,BLK,TOV,PTS,EFF
201939,1,Stephen Curry,GSW,63,34.2,10.4,21.7,0.482,5.3,12.7,0.421,5.7,6.3,0.916,0.5,5.0,5.5,5.8,1.2,0.1,3.4,32.0,29.4
203078,2,Bradley Beal,WAS,60,35.8,11.2,23.0,0.485,2.2,6.2,0.349,6.8,7.7,0.889,1.2,3.5,4.7,4.4,1.2,0.4,3.1,31.3,26.1
203081,3,Damian Lillard,POR,67,35.8,9.0,19.9,0.451,4.1,10.5,0.391,6.7,7.2,0.928,0.5,3.7,4.2,7.5,0.9,0.3,3.0,28.8,27.2
203954,4,Joel Embiid,PHI,51,31.1,9.0,17.6,0.513,1.1,3.0,0.377,9.2,10.7,0.859,2.2,8.4,10.6,2.8,1.0,1.4,3.1,28.5,31.0
203507,5,Giannis Antetokounmpo,MIL,61,33.0,10.3,18.0,0.569,1.1,3.6,0.303,6.5,9.5,0.685,1.6,9.4,11.0,5.9,1.2,1.2,3.4,28.1,33.2
1629029,6,Luka Doncic,DAL,66,34.3,9.8,20.5,0.479,2.9,8.3,0.35,5.2,7.1,0.73,0.8,7.2,8.0,8.6,1.0,0.5,4.3,27.7,29.0
203897,7,Zach LaVine,CHI,58,35.1,9.8,19.4,0.507,3.4,8.2,0.419,4.4,5.1,0.849,0.6,4.4,5.0,4.9,0.8,0.5,3.5,27.4,24.7
1629627,8,Zion Williamson,NOP,61,33.2,10.4,17.0,0.611,0.2,0.6,0.294,6.0,8.7,0.698,2.7,4.5,7.2,3.7,0.9,0.6,2.7,27.0,27.5
202681,9,Kyrie Irving,BKN,54,34.9,10.2,20.1,0.506,2.8,7.0,0.402,3.7,4.0,0.922,1.0,3.8,4.8,6.0,1.4,0.7,2.4,26.9,27.1
1628369,10,Jayson Tatum,BOS,64,35.8,9.5,20.6,0.459,2.9,7.6,0.386,4.6,5.3,0.868,0.8,6.6,7.4,4.3,1.2,0.5,2.7,26.4,25.3
1628378,11,Donovan Mitchell,UTA,53,33.4,9.0,20.6,0.438,3.4,8.7,0.386,5.0,6.0,0.845,0.9,3.5,4.4,5.2,1.0,0.3,2.8,26.4,22.1
203999,12,Nikola Jokic,DEN,72,34.6,10.2,18.0,0.566,1.3,3.3,0.388,4.8,5.5,0.868,2.8,8.0,10.8,8.3,1.3,0.7,3.1,26.4,35.9
1626164,13,Devin Booker,PHX,67,33.9,9.3,19.2,0.484,1.9,5.5,0.34,5.1,5.9,0.867,0.5,3.7,4.2,4.3,0.8,0.2,3.1,25.6,21.3
1629027,14,Trae Young,ATL,63,33.7,7.7,17.7,0.438,2.2,6.3,0.343,7.7,8.7,0.886,0.6,3.3,3.9,9.4,0.8,0.2,4.1,25.3,24.6
1628368,15,De'Aaron Fox,SAC,58,35.1,9.1,19.1,0.477,1.8,5.5,0.322,5.2,7.2,0.719,0.6,2.9,3.5,7.2,1.5,0.5,3.0,25.2,22.8
202695,16,Kawhi Leonard,LAC,52,34.1,8.9,17.5,0.512,1.9,4.9,0.398,5.0,5.7,0.885,1.1,5.4,6.5,5.2,1.6,0.4,2.0,24.8,27.3
1627759,17,Jaylen Brown,BOS,58,34.5,9.3,19.2,0.484,2.8,7.1,0.397,3.3,4.3,0.764,1.2,4.8,6.0,3.4,1.2,0.6,2.7,24.7,22.2
1629012,18,Collin Sexton,CLE,60,35.3,8.8,18.4,0.475,1.6,4.4,0.371,5.2,6.4,0.815,1.0,2.2,3.1,4.4,1.0,0.2,2.8,24.3,19.4
203944,19,Julius Randle,NYK,71,37.6,8.5,18.6,0.456,2.3,5.5,0.411,4.9,6.0,0.811,1.2,9.0,10.2,6.0,0.9,0.3,3.4,24.1,26.8
1627742,20,Brandon Ingram,NOP,61,34.3,8.4,18.0,0.466,2.3,6.1,0.381,4.6,5.2,0.878,0.6,4.3,4.9,4.9,0.7,0.6,2.5,23.8,22.0
202696,21,Nikola Vucevic,CHI,70,33.5,9.5,19.9,0.477,2.5,6.3,0.4,1.9,2.2,0.84,2.1,9.6,11.7,3.8,0.9,0.7,1.8,23.4,28.0
202331,22,Paul George,LAC,54,33.7,8.2,17.6,0.467,3.2,7.7,0.411,3.7,4.2,0.868,0.8,5.8,6.6,5.2,1.1,0.4,3.3,23.3,23.5
203924,23,Jerami Grant,DET,54,33.9,7.4,17.3,0.429,2.1,6.1,0.35,5.4,6.4,0.845,0.6,4.0,4.6,2.8,0.6,1.1,2.0,22.3,18.6
201566,24,Russell Westbrook,WAS,65,36.4,8.4,19.0,0.439,1.3,4.2,0.315,4.2,6.4,0.656,1.7,9.9,11.5,11.7,1.4,0.4,4.8,22.2,29.6
201942,25,DeMar DeRozan,SAS,61,33.7,7.5,15.1,0.495,0.3,1.2,0.257,6.3,7.2,0.88,0.7,3.6,4.2,6.9,0.9,0.2,2.0,21.6,23.5
202710,26,Jimmy Butler,MIA,52,33.6,7.0,14.2,0.497,0.5,2.0,0.245,6.9,8.0,0.863,1.8,5.1,6.9,7.1,2.1,0.3,2.1,21.5,27.6
1627783,27,Pascal Siakam,TOR,56,35.8,7.8,17.2,0.455,1.3,4.4,0.297,4.4,5.4,0.827,1.7,5.5,7.2,4.5,1.1,0.7,2.3,21.4,22.3
1627763,28,Malcolm Brogdon,IND,56,34.5,7.9,17.5,0.453,2.6,6.7,0.388,2.7,3.2,0.864,1.0,4.2,5.3,5.9,0.9,0.3,2.1,21.2,21.4
1626179,29,Terry Rozier,CHA,69,34.5,7.4,16.4,0.45,3.2,8.3,0.389,2.4,2.9,0.817,0.7,3.7,4.4,4.2,1.3,0.4,1.9,20.4,19.2
203114,30,Khris Middleton,MIL,68,33.4,7.5,15.8,0.476,2.2,5.4,0.414,3.1,3.5,0.898,0.8,5.2,6.0,5.4,1.1,0.1,2.6,20.4,21.8
1627734,31,Domantas Sabonis,IND,62,36.0,7.8,14.6,0.535,0.8,2.6,0.321,3.9,5.3,0.732,2.4,9.5,12.0,6.7,1.2,0.5,3.4,20.3,29.1
1627832,32,Fred VanVleet,TOR,52,36.5,6.5,16.7,0.389,3.3,9.2,0.366,3.3,3.7,0.885,0.6,3.6,4.2,6.3,1.7,0.7,1.8,19.6,20.0
202699,33,Tobias Harris,PHI,62,32.5,7.6,14.9,0.512,1.3,3.4,0.394,2.9,3.3,0.892,1.0,5.8,6.8,3.5,0.9,0.8,1.7,19.5,22.2
1630162,34,Anthony Edwards,MIN,72,32.1,7.0,16.8,0.417,2.4,7.2,0.329,2.9,3.8,0.776,0.8,3.8,4.7,2.9,1.1,0.5,2.2,19.3,15.7
1629630,35,Ja Morant,MEM,63,32.6,6.8,15.2,0.449,1.2,3.8,0.303,4.3,5.9,0.728,0.9,3.1,4.0,7.4,0.9,0.2,3.2,19.1,18.4
1629008,36,Michael Porter Jr.,DEN,61,31.3,7.3,13.4,0.542,2.8,6.3,0.445,1.7,2.2,0.791,1.5,5.8,7.3,1.1,0.7,0.9,1.3,19.0,21.2
1628389,37,Bam Adebayo,MIA,64,33.5,7.1,12.5,0.57,0.0,0.1,0.25,4.4,5.5,0.799,2.2,6.7,9.0,5.4,1.2,1.0,2.6,18.7,26.1
1626181,38,Norman Powell,POR,69,32.0,6.3,13.3,0.477,2.5,6.0,0.411,3.4,3.9,0.871,0.6,2.5,3.1,1.9,1.2,0.3,1.7,18.6,15.8
203952,39,Andrew Wiggins,GSW,71,33.3,7.1,14.9,0.477,2.0,5.2,0.38,2.4,3.4,0.714,1.2,3.7,4.9,2.4,0.9,1.0,1.8,18.6,17.2
203903,40,Jordan Clarkson,UTA,68,26.7,6.7,15.8,0.425,3.1,8.8,0.347,1.9,2.1,0.896,0.7,3.3,4.0,2.5,0.9,0.1,1.7,18.4,14.9
201950,41,Jrue Holiday,MIL,59,32.3,7.0,13.9,0.503,1.9,4.8,0.392,1.8,2.3,0.787,1.2,3.3,4.5,6.1,1.6,0.6,2.2,17.7,21.0
1628381,42,John Collins,ATL,63,29.3,6.8,12.2,0.556,1.3,3.3,0.399,2.7,3.2,0.833,1.9,5.5,7.4,1.2,0.5,1.0,1.3,17.6,20.5
1629628,43,RJ Barrett,NYK,72,34.9,6.5,14.7,0.441,1.7,4.3,0.401,2.9,3.8,0.746,0.9,4.8,5.8,3.0,0.7,0.3,1.9,17.6,16.2
1629636,44,Darius Garland,CLE,54,33.1,6.7,14.9,0.451,1.9,4.9,0.395,2.1,2.4,0.848,0.4,2.0,2.4,6.1,1.2,0.1,3.0,17.4,15.7
1628415,45,Dillon Brooks,MEM,67,29.8,6.4,15.4,0.419,1.9,5.6,0.344,2.4,2.9,0.815,0.8,2.1,2.9,2.3,1.2,0.4,1.8,17.2,12.7
202685,46,Jonas Valanciunas,MEM,62,28.3,7.1,12.0,0.592,0.3,0.9,0.368,2.5,3.3,0.773,4.1,8.4,12.5,1.8,0.6,0.9,1.6,17.1,25.6
202711,47,Bojan Bogdanovic,UTA,72,30.8,5.6,12.8,0.439,2.5,6.4,0.39,3.2,3.7,0.879,0.6,3.3,3.9,1.9,0.6,0.1,1.8,17.0,14.1
203501,48,Tim Hardaway Jr.,DAL,70,28.4,5.8,13.0,0.447,3.0,7.6,0.391,2.0,2.5,0.816,0.3,3.0,3.3,1.8,0.4,0.2,0.9,16.6,13.7
1627741,49,Buddy Hield,SAC,71,34.3,5.7,14.0,0.406,4.0,10.2,0.391,1.2,1.5,0.846,0.4,4.3,4.7,3.6,0.9,0.4,1.8,16.6,15.8
101108,50,Chris Paul,PHX,70,31.4,6.3,12.6,0.499,1.5,3.7,0.395,2.4,2.6,0.934,0.4,4.1,4.5,8.9,1.4,0.3,2.2,16.4,22.8
201144,51,Mike Conley,UTA,51,29.4,5.6,12.5,0.444,2.7,6.6,0.412,2.4,2.8,0.852,0.7,2.8,3.5,6.0,1.4,0.2,1.9,16.2,17.9
203084,52,Harrison Barnes,SAC,58,36.2,5.5,11.1,0.497,1.7,4.4,0.391,3.4,4.1,0.83,1.1,5.5,6.6,3.5,0.7,0.2,1.6,16.1,19.3
1630163,53,LaMelo Ball,CHA,51,28.8,5.7,13.2,0.436,1.8,5.1,0.352,2.5,3.2,0.758,1.2,4.7,5.9,6.1,1.6,0.4,2.8,15.7,18.7
1627749,54,Dejounte Murray,SAS,67,31.9,6.6,14.5,0.453,0.9,3.0,0.317,1.6,2.0,0.791,0.9,6.2,7.1,5.4,1.5,0.1,1.7,15.7,19.7
1626162,55,Kelly Oubre Jr.,GSW,55,30.7,5.8,13.2,0.439,1.6,5.2,0.316,2.2,3.2,0.695,1.5,4.5,6.0,1.3,1.0,0.8,1.3,15.4,14.9
203471,56,Dennis Schroder,LAL,61,32.1,5.4,12.5,0.437,1.2,3.5,0.335,3.4,4.0,0.848,0.5,3.0,3.5,5.8,1.1,0.2,2.7,15.4,15.7
1629018,57,Gary Trent Jr.,TOR,58,31.1,5.5,13.5,0.408,2.8,7.4,0.385,1.4,1.8,0.783,0.5,2.2,2.6,1.4,1.0,0.2,0.7,15.3,11.3
203991,58,Clint Capela,ATL,63,30.1,6.6,11.0,0.594,0.0,0.0,0.0,2.1,3.6,0.573,4.7,9.6,14.3,0.8,0.7,2.0,1.2,15.2,25.9
1629639,59,Tyler Herro,MIA,54,30.3,5.7,12.9,0.439,2.0,5.5,0.36,1.7,2.2,0.803,0.5,4.5,5.0,3.4,0.6,0.3,1.9,15.1,14.9
1629632,60,Coby White,CHI,69,31.2,5.4,13.1,0.416,2.4,6.6,0.359,1.9,2.1,0.901,0.4,3.7,4.1,4.8,0.6,0.2,2.3,15.1,14.6
1628984,61,Devonte' Graham,CHA,55,30.2,4.6,12.2,0.377,3.3,8.7,0.375,2.4,2.9,0.842,0.4,2.3,2.7,5.4,0.9,0.1,1.5,14.8,14.3
1628366,62,Lonzo Ball,NOP,55,31.8,5.3,12.7,0.414,3.1,8.3,0.378,0.9,1.2,0.781,0.6,4.2,4.8,5.7,1.5,0.6,2.2,14.6,17.2
1629134,63,Kendrick Nunn,MIA,56,29.5,5.7,11.8,0.485,2.2,5.7,0.381,1.0,1.1,0.933,0.4,2.8,3.2,2.6,0.9,0.3,1.4,14.6,14.0
1629028,64,Deandre Ayton,PHX,69,30.7,6.2,10.0,0.626,0.1,0.3,0.2,1.9,2.5,0.769,3.3,7.2,10.5,1.4,0.6,1.2,1.5,14.4,22.4
203497,65,Rudy Gobert,UTA,71,30.8,5.5,8.2,0.675,0.0,0.1,0.0,3.3,5.3,0.623,3.4,10.1,13.5,1.3,0.6,2.7,1.7,14.3,26.0
1627732,66,Ben Simmons,PHI,58,32.4,5.6,10.1,0.557,0.1,0.2,0.3,3.0,4.9,0.613,1.6,5.6,7.2,6.9,1.6,0.6,3.0,14.3,21.3
1626158,67,Richaun Holmes,SAC,61,29.2,6.0,9.4,0.637,0.0,0.2,0.182,2.2,2.8,0.794,2.4,5.9,8.3,1.7,0.6,1.6,1.2,14.2,21.1
203925,68,Joe Harris,BKN,69,31.0,5.2,10.2,0.505,3.1,6.4,0.475,0.7,0.9,0.778,0.6,3.0,3.6,1.9,0.7,0.2,0.9,14.1,14.3
1629652,69,Luguentz Dort,OKC,52,29.7,4.8,12.3,0.387,2.2,6.3,0.343,2.3,3.2,0.744,0.7,2.9,3.6,1.7,0.9,0.4,1.5,14.0,10.7
1629060,70,Rui Hachimura,WAS,57,31.5,5.4,11.4,0.478,0.8,2.4,0.328,2.2,2.8,0.77,0.9,4.6,5.5,1.4,0.8,0.1,1.2,13.8,13.9
1629647,71,Darius Bazley,OKC,55,31.2,5.0,12.5,0.396,1.5,5.2,0.29,2.3,3.2,0.702,0.9,6.3,7.2,1.8,0.5,0.5,2.2,13.7,12.9
1628449,72,Chris Boucher,TOR,60,24.2,4.8,9.3,0.514,1.5,3.9,0.383,2.5,3.2,0.788,2.0,4.8,6.7,1.1,0.6,1.9,0.8,13.6,17.9
1628374,73,Lauri Markkanen,CHI,51,25.8,4.9,10.2,0.48,2.3,5.8,0.402,1.5,1.8,0.826,0.7,4.6,5.3,0.9,0.5,0.3,1.0,13.6,13.9
203926,74,Doug McDermott,IND,66,24.5,5.4,10.1,0.532,1.7,4.3,0.388,1.2,1.5,0.816,0.9,2.4,3.3,1.3,0.3,0.1,0.8,13.6,12.9
203482,75,Kelly Olynyk,HOU,70,28.5,4.8,10.0,0.484,1.8,5.3,0.342,2.1,2.5,0.829,1.2,5.7,7.0,2.9,1.1,0.6,1.8,13.5,17.7
1626149,76,Montrezl Harrell,LAL,69,22.9,5.4,8.7,0.622,0.0,0.1,0.0,2.6,3.7,0.707,2.3,3.9,6.2,1.1,0.7,0.7,1.1,13.5,16.7
1628969,77,Mikal Bridges,PHX,72,32.6,5.0,9.3,0.543,1.9,4.4,0.425,1.5,1.8,0.84,1.1,3.2,4.3,2.1,1.1,0.9,0.8,13.5,16.5
202694,78,Marcus Morris Sr.,LAC,57,26.4,4.8,10.2,0.473,2.5,5.2,0.473,1.3,1.6,0.82,0.6,3.5,4.1,1.0,0.6,0.3,1.0,13.4,12.7
2546,79,Carmelo Anthony,POR,69,24.5,4.7,11.3,0.421,1.9,4.7,0.409,2.0,2.2,0.89,0.5,2.6,3.1,1.5,0.7,0.6,0.9,13.4,11.6
1628367,80,Josh Jackson,DET,62,25.2,4.8,11.4,0.419,1.2,4.1,0.3,2.6,3.5,0.729,0.9,3.2,4.1,2.3,0.9,0.8,2.3,13.4,11.5
201568,81,Danilo Gallinari,ATL,51,24.0,4.0,9.3,0.434,2.0,5.0,0.406,3.2,3.4,0.925,0.3,3.8,4.1,1.5,0.6,0.2,0.8,13.3,13.3
1629130,82,Duncan Robinson,MIA,72,31.4,4.4,10.0,0.439,3.5,8.5,0.408,0.9,1.0,0.827,0.1,3.4,3.5,1.8,0.6,0.3,1.1,13.1,12.3
1630169,83,Tyrese Haliburton,SAC,58,30.1,5.0,10.7,0.472,2.1,5.1,0.409,0.8,1.0,0.857,0.7,2.3,3.0,5.3,1.3,0.5,1.6,13.0,15.7
1629003,84,Shake Milton,PHI,63,23.2,4.8,10.6,0.45,1.1,3.2,0.35,2.3,2.8,0.83,0.5,1.8,2.3,3.1,0.6,0.3,1.6,13.0,11.3
1629023,85,P.J. Washington,CHA,64,30.5,4.7,10.7,0.44,1.8,4.5,0.386,1.7,2.3,0.745,1.5,5.1,6.5,2.5,1.1,1.2,2.0,12.9,15.7
1628398,86,Kyle Kuzma,LAL,68,28.7,4.9,11.1,0.443,2.0,5.6,0.361,1.0,1.4,0.691,1.6,4.5,6.1,1.9,0.5,0.6,1.7,12.9,13.7
1628386,87,Jarrett Allen,CLE,63,29.6,4.7,7.7,0.618,0.1,0.3,0.316,3.2,4.6,0.703,3.1,6.9,10.0,1.7,0.5,1.4,1.6,12.8,20.6
1629640,88,Keldon Johnson,SAS,69,28.5,4.9,10.2,0.479,0.9,2.6,0.331,2.1,2.8,0.74,1.3,4.6,6.0,1.8,0.6,0.3,1.1,12.8,14.2
1628970,89,Miles Bridges,CHA,66,29.3,4.7,9.4,0.503,1.8,4.4,0.4,1.5,1.7,0.867,1.2,4.8,6.0,2.2,0.7,0.8,1.6,12.7,15.9
203115,90,Will Barton,DEN,56,31.0,4.6,10.9,0.426,1.8,4.6,0.381,1.7,2.2,0.785,0.7,3.3,4.0,3.2,0.9,0.4,1.7,12.7,12.9
1628973,91,Jalen Brunson,DAL,68,25.0,4.8,9.2,0.523,1.2,2.9,0.405,1.8,2.2,0.795,0.4,3.0,3.4,3.5,0.5,0.0,1.2,12.6,14.0
203552,92,Seth Curry,PHI,57,28.7,4.5,9.7,0.467,2.2,4.9,0.45,1.2,1.4,0.896,0.2,2.2,2.4,2.7,0.8,0.1,1.1,12.5,12.1
203937,93,Kyle Anderson,MEM,69,27.3,4.5,9.5,0.468,1.4,3.8,0.36,2.1,2.7,0.783,0.8,5.0,5.7,3.6,1.2,0.8,1.2,12.4,16.9
201572,94,Brook Lopez,MIL,70,27.2,4.6,9.1,0.503,1.4,4.0,0.338,1.7,2.0,0.845,1.5,3.5,5.0,0.7,0.6,1.5,0.9,12.3,14.2
1630180,95,Saddiq Bey,DET,70,27.3,4.0,9.9,0.404,2.5,6.6,0.38,1.8,2.1,0.844,0.6,3.9,4.5,1.4,0.7,0.2,0.9,12.2,12.0
202339,96,Eric Bledsoe,NOP,71,29.7,4.3,10.3,0.421,1.7,5.0,0.341,1.9,2.7,0.687,0.4,3.0,3.4,3.8,0.8,0.3,1.6,12.2,12.1
1626196,97,Josh Richardson,DAL,59,30.3,4.5,10.5,0.427,1.5,4.5,0.33,1.7,1.8,0.917,0.9,2.4,3.3,2.6,1.0,0.4,1.3,12.1,12.0
201152,98,Thaddeus Young,CHI,68,24.3,5.4,9.7,0.559,0.2,0.7,0.267,1.0,1.7,0.628,2.5,3.8,6.2,4.3,1.1,0.6,2.0,12.1,17.4
204060,99,Joe Ingles,UTA,67,27.9,4.1,8.4,0.489,2.7,6.1,0.451,1.1,1.3,0.844,0.4,3.2,3.6,4.7,0.7,0.2,1.7,12.1,15.1
1629673,100,Jordan Poole,GSW,51,19.4,4.0,9.3,0.432,1.9,5.4,0.351,2.1,2.3,0.882,0.3,1.5,1.8,1.9,0.5,0.2,1.0,12.0,9.9
1628989,101,Kevin Huerter,ATL,69,30.8,4.6,10.6,0.432,2.0,5.6,0.363,0.7,0.9,0.781,0.6,2.8,3.3,3.5,1.2,0.3,1.1,11.9,12.8
1628977,102,Hamidou Diallo,DET,52,23.6,4.3,9.0,0.477,0.5,1.6,0.341,2.5,3.8,0.64,1.1,4.1,5.2,1.9,0.8,0.5,1.5,11.6,12.5
202722,103,Davis Bertans,WAS,57,25.7,3.4,8.4,0.404,3.0,7.5,0.395,1.8,2.0,0.87,0.3,2.6,2.9,0.9,0.6,0.2,0.6,11.5,10.3
1626171,104,Bobby Portis,MIL,66,20.8,4.7,9.1,0.523,1.1,2.4,0.471,0.8,1.1,0.74,1.9,5.2,7.1,1.1,0.8,0.4,0.8,11.4,15.3
1630193,105,Immanuel Quickley,NYK,64,19.4,3.6,9.1,0.395,1.8,4.7,0.389,2.4,2.7,0.891,0.4,1.8,2.1,2.0,0.5,0.2,0.9,11.4,9.5
200752,106,Rudy Gay,SAS,63,21.6,4.2,10.0,0.42,1.7,4.4,0.381,1.3,1.6,0.804,0.7,4.1,4.8,1.4,0.7,0.6,1.0,11.4,11.8
101150,107,Lou Williams,ATL,66,21.6,4.0,9.8,0.41,1.0,2.6,0.399,2.3,2.6,0.867,0.3,1.8,2.1,3.4,0.7,0.1,1.6,11.3,9.9
1630256,108,Jae'Sean Tate,HOU,70,29.2,4.5,8.9,0.506,0.9,2.8,0.308,1.5,2.1,0.694,1.9,3.5,5.3,2.5,1.2,0.5,1.4,11.3,14.5
1628976,109,Wendell Carter Jr.,ORL,54,25.5,4.3,8.5,0.503,0.3,0.9,0.294,2.4,3.3,0.732,2.4,5.8,8.2,1.9,0.6,0.8,1.4,11.2,16.2
1629675,110,Naz Reid,MIN,70,19.2,4.3,8.3,0.523,0.9,2.5,0.351,1.6,2.4,0.693,1.2,3.4,4.6,1.0,0.5,1.1,1.0,11.2,12.7
202683,111,Enes Freedom,POR,72,24.4,4.7,7.8,0.604,0.0,0.1,0.25,1.8,2.3,0.774,3.9,7.1,11.0,1.2,0.5,0.7,1.1,11.2,19.8
1629022,112,Lonnie Walker IV,SAS,60,25.4,4.3,10.2,0.42,1.7,4.7,0.355,1.0,1.2,0.814,0.2,2.4,2.6,1.7,0.5,0.3,1.1,11.2,9.0
201145,113,Jeff Green,BKN,68,27.0,3.8,7.8,0.492,1.5,3.7,0.412,1.8,2.4,0.776,0.5,3.4,3.9,1.6,0.5,0.4,0.8,11.0,12.1
1628407,114,Dwayne Bacon,ORL,72,25.7,4.1,10.1,0.402,0.8,2.9,0.285,2.0,2.4,0.824,0.4,2.7,3.1,1.3,0.6,0.1,0.6,10.9,8.9
203493,115,Reggie Bullock,NYK,65,30.0,3.8,8.6,0.442,2.5,6.1,0.41,0.8,0.8,0.909,0.2,3.2,3.4,1.5,0.8,0.2,0.7,10.9,11.2
201988,116,Patty Mills,SAS,68,24.8,3.7,9.0,0.412,2.4,6.3,0.375,1.0,1.1,0.91,0.3,1.4,1.7,2.4,0.6,0.0,1.0,10.8,9.2
202704,117,Reggie Jackson,LAC,67,23.0,3.9,8.7,0.45,1.8,4.2,0.433,1.0,1.2,0.817,0.4,2.5,2.9,3.1,0.6,0.1,1.1,10.7,11.2
203200,118,Justin Holiday,IND,72,30.3,3.6,8.7,0.413,2.4,6.3,0.382,0.9,1.2,0.788,0.4,3.1,3.6,1.7,1.0,0.6,0.8,10.5,11.2
1628978,119,Donte DiVincenzo,MIL,66,27.5,3.8,9.1,0.42,2.0,5.2,0.379,0.8,1.1,0.718,1.2,4.5,5.8,3.1,1.1,0.2,1.4,10.4,13.6
1626224,120,Cedi Osman,CLE,59,25.6,3.7,9.9,0.374,1.7,5.5,0.306,1.3,1.6,0.8,0.6,2.8,3.4,2.9,0.9,0.2,1.4,10.4,9.9
203486,121,Mason Plumlee,DET,56,26.8,4.2,6.8,0.614,0.0,0.1,0.0,2.0,3.0,0.669,2.6,6.7,9.3,3.6,0.8,0.9,1.9,10.4,19.4
1629634,122,Brandon Clarke,MEM,59,24.0,4.3,8.4,0.517,0.3,1.3,0.26,1.3,1.9,0.69,1.6,3.9,5.6,1.6,1.0,0.9,0.6,10.3,14.2
1626153,123,Delon Wright,SAC,63,27.7,3.8,8.2,0.463,1.0,2.7,0.372,1.6,2.0,0.802,1.0,3.2,4.3,4.4,1.6,0.5,1.3,10.2,14.9
203901,124,Elfrid Payton,NYK,63,23.6,4.3,9.9,0.432,0.4,1.6,0.286,1.2,1.7,0.682,1.0,2.4,3.4,3.2,0.7,0.1,1.6,10.1,9.9
1630177,125,Theo Maledon,OKC,65,27.4,3.5,9.4,0.368,1.6,4.8,0.335,1.6,2.1,0.748,0.4,2.9,3.2,3.5,0.9,0.2,2.2,10.1,9.2
203109,126,Jae Crowder,PHX,60,27.5,3.3,8.2,0.404,2.5,6.3,0.389,1.0,1.3,0.76,0.5,4.2,4.7,2.1,0.8,0.5,0.9,10.1,12.0
1627854,127,Bryn Forbes,MIL,70,19.3,3.6,7.6,0.473,2.2,4.9,0.452,0.7,0.9,0.77,0.2,1.4,1.6,0.6,0.3,0.0,0.6,10.0,7.8
1627827,128,Dorian Finney-Smith,DAL,60,32.0,3.7,7.8,0.472,2.0,5.0,0.394,0.5,0.7,0.756,1.6,3.8,5.4,1.7,0.9,0.4,0.8,9.8,13.2
203484,129,Kentavious Caldwell-Pope,LAL,67,28.4,3.3,7.6,0.431,1.8,4.4,0.41,1.4,1.7,0.866,0.4,2.3,2.7,1.9,0.9,0.4,1.0,9.7,10.1
1628464,130,Daniel Theis,CHI,65,24.6,3.9,7.2,0.541,0.8,2.3,0.322,1.1,1.7,0.673,1.4,4.0,5.5,1.7,0.6,0.9,1.0,9.6,13.4
1630171,131,Isaac Okoro,CLE,67,32.4,3.5,8.3,0.42,0.9,3.2,0.29,1.7,2.3,0.726,1.0,2.1,3.1,1.9,0.9,0.4,1.3,9.6,9.1
1629661,132,Cameron Johnson,PHX,60,24.0,3.4,8.1,0.42,2.0,5.6,0.349,0.8,1.0,0.847,0.6,2.8,3.3,1.4,0.6,0.3,0.7,9.6,9.7
201980,133,Danny Green,PHI,69,28.0,3.2,7.9,0.412,2.5,6.3,0.405,0.4,0.6,0.775,0.8,3.0,3.8,1.7,1.3,0.8,1.0,9.5,11.4
1629013,134,Landry Shamet,BKN,61,23.0,3.0,7.5,0.408,2.1,5.5,0.387,1.1,1.3,0.846,0.2,1.7,1.8,1.6,0.5,0.2,0.8,9.3,8.0
1630172,135,Patrick Williams,CHI,71,27.9,3.6,7.4,0.483,0.8,1.9,0.391,1.3,1.8,0.728,0.9,3.7,4.6,1.4,0.9,0.6,1.4,9.2,11.1
1630217,136,Desmond Bane,MEM,68,22.3,3.4,7.3,0.469,1.7,4.0,0.432,0.6,0.7,0.816,0.5,2.6,3.1,1.7,0.6,0.2,0.9,9.2,10.0
1627788,137,Furkan Korkmaz,PHI,55,19.3,3.1,7.7,0.401,1.8,4.9,0.375,1.1,1.5,0.732,0.3,1.7,2.1,1.5,0.9,0.2,0.8,9.1,7.9
1629001,138,De'Anthony Melton,MEM,52,20.1,3.3,7.6,0.438,1.7,4.1,0.412,0.8,1.0,0.804,0.6,2.5,3.1,2.5,1.2,0.6,1.3,9.1,10.8
201577,139,Robin Lopez,WAS,71,19.1,3.8,6.0,0.633,0.1,0.3,0.278,1.4,1.9,0.723,2.0,1.8,3.8,0.8,0.2,0.6,1.1,9.0,10.7
1627826,140,Ivica Zubac,LAC,72,22.3,3.6,5.5,0.652,0.0,0.1,0.25,1.9,2.4,0.789,2.6,4.6,7.2,1.3,0.3,0.9,1.1,9.0,15.2
1629659,141,Talen Horton-Tucker,LAL,65,20.1,3.4,7.5,0.458,0.6,2.0,0.282,1.5,2.0,0.775,0.4,2.2,2.6,2.8,1.0,0.3,1.6,9.0,9.5
200794,142,Paul Millsap,DEN,56,20.8,3.4,7.2,0.476,0.9,2.6,0.343,1.3,1.8,0.724,1.4,3.3,4.7,1.8,0.9,0.6,0.9,9.0,11.8
1628971,143,Bruce Brown,BKN,65,22.3,3.6,6.5,0.556,0.3,0.9,0.288,1.3,1.8,0.735,1.7,3.7,5.4,1.6,0.9,0.4,0.8,8.8,12.9
1629676,144,Isaiah Roby,OKC,61,23.4,3.4,7.0,0.483,0.5,1.8,0.294,1.4,1.9,0.744,1.5,4.1,5.6,1.8,0.9,0.6,1.9,8.7,11.6
1629056,144,Terence Davis,SAC,61,17.6,3.2,7.5,0.428,1.6,4.4,0.367,0.7,0.9,0.818,0.3,2.2,2.5,1.4,0.7,0.2,1.0,8.7,8.1
203526,146,Raul Neto,WAS,64,21.9,3.3,7.0,0.468,1.0,2.6,0.39,1.2,1.3,0.882,0.4,2.0,2.4,2.3,1.1,0.1,0.8,8.7,10.0
204456,147,T.J. McConnell,IND,69,26.0,4.0,7.1,0.559,0.2,0.7,0.313,0.5,0.7,0.688,0.8,2.9,3.7,6.6,1.9,0.3,2.0,8.6,15.8
1627751,148,Jakob Poeltl,SAS,69,26.7,3.8,6.2,0.616,0.0,0.0,0.0,0.9,1.8,0.508,3.2,4.8,7.9,1.9,0.7,1.8,1.2,8.6,16.4
201937,149,Ricky Rubio,MIN,68,26.1,2.8,7.3,0.388,1.0,3.1,0.308,1.9,2.2,0.867,0.4,2.9,3.3,6.4,1.4,0.1,1.6,8.6,13.3
203496,150,Robert Covington,POR,70,32.0,2.9,7.3,0.401,1.9,5.1,0.379,0.7,0.9,0.806,0.9,5.8,6.7,1.7,1.4,1.2,0.9,8.5,14.0
1629004,151,Svi Mykhailiuk,OKC,66,20.1,3.2,7.7,0.411,1.6,4.8,0.334,0.6,0.8,0.76,0.4,2.1,2.5,1.7,0.8,0.2,1.3,8.5,7.5
1626166,152,Cameron Payne,PHX,60,18.0,3.2,6.6,0.484,1.2,2.8,0.44,0.8,0.9,0.893,0.3,2.1,2.4,3.6,0.6,0.3,1.0,8.4,10.8
1628379,153,Luke Kennard,LAC,63,19.6,3.1,6.6,0.476,1.6,3.6,0.446,0.4,0.5,0.839,0.2,2.3,2.6,1.7,0.4,0.1,0.8,8.3,8.7
202709,154,Cory Joseph,DET,63,23.0,3.2,6.8,0.469,0.7,2.1,0.341,1.1,1.4,0.818,0.6,2.0,2.5,3.4,1.0,0.3,1.3,8.2,10.3
1628425,155,Sterling Brown,HOU,51,24.1,2.9,6.6,0.448,1.8,4.2,0.423,0.5,0.6,0.806,0.7,3.6,4.4,1.4,0.7,0.2,0.8,8.2,10.4
203210,156,JaMychal Green,DEN,58,19.3,3.0,6.4,0.463,1.4,3.4,0.399,0.8,1.0,0.807,1.5,3.3,4.8,0.9,0.4,0.4,0.9,8.1,10.1
201587,157,Nicolas Batum,LAC,67,27.4,2.9,6.1,0.464,1.6,4.1,0.404,0.7,0.9,0.828,0.7,4.0,4.7,2.2,1.0,0.6,0.8,8.1,12.3
1629057,158,Robert Williams III,BOS,52,18.9,3.6,5.0,0.721,0.0,0.0,0.0,0.9,1.4,0.616,2.6,4.3,6.9,1.8,0.8,1.8,1.0,8.0,16.4
1630178,159,Tyrese Maxey,PHI,61,15.3,3.2,7.0,0.462,0.5,1.7,0.301,1.0,1.1,0.871,0.2,1.5,1.7,2.0,0.4,0.2,0.7,8.0,7.7
1629026,160,Kenrich Williams,OKC,66,21.6,3.3,6.2,0.533,0.8,1.8,0.444,0.5,1.0,0.571,1.3,2.9,4.1,2.3,0.8,0.3,1.2,8.0,11.0
1630191,161,Isaiah Stewart,DET,68,21.4,3.3,6.0,0.553,0.3,0.9,0.333,0.9,1.4,0.696,2.3,4.3,6.7,0.9,0.6,1.3,1.0,7.9,13.2
1629014,162,Anfernee Simons,POR,64,17.3,2.6,6.3,0.419,1.9,4.4,0.426,0.7,0.9,0.807,0.2,2.0,2.2,1.4,0.3,0.1,0.7,7.8,7.3
1630202,163,Payton Pritchard,BOS,66,19.2,2.8,6.3,0.44,1.5,3.8,0.411,0.6,0.7,0.889,0.5,1.9,2.4,1.8,0.6,0.1,0.8,7.7,8.2
203107,164,Tomas Satoransky,CHI,58,22.5,2.9,5.7,0.514,0.7,2.0,0.356,1.2,1.4,0.848,0.5,1.9,2.4,4.7,0.7,0.2,1.7,7.7,11.1
201571,165,D.J. Augustin,HOU,57,19.8,2.4,6.0,0.394,1.5,3.8,0.382,1.5,1.6,0.904,0.4,1.3,1.6,3.3,0.5,0.0,1.1,7.7,8.2
203463,166,Ben McLemore,LAL,53,17.1,2.5,6.9,0.37,1.8,5.3,0.346,0.7,1.0,0.736,0.3,1.6,1.9,0.7,0.4,0.2,0.8,7.7,5.5
202684,167,Tristan Thompson,BOS,54,23.8,3.1,6.0,0.518,0.0,0.1,0.0,1.3,2.2,0.592,3.1,5.0,8.1,1.2,0.4,0.6,1.1,7.6,13.0
202066,168,Garrett Temple,CHI,56,27.3,2.8,6.8,0.415,1.2,3.6,0.335,0.7,0.9,0.8,0.5,2.3,2.9,2.2,0.8,0.5,1.0,7.6,8.7
203500,169,Steven Adams,NOP,58,27.7,3.3,5.3,0.614,0.0,0.1,0.0,1.0,2.3,0.444,3.7,5.2,8.9,1.9,0.9,0.7,1.3,7.6,15.2
1628410,170,Edmond Sumner,IND,53,16.2,2.8,5.3,0.525,0.7,1.7,0.398,1.3,1.6,0.819,0.3,1.4,1.8,0.9,0.6,0.2,1.0,7.5,7.3
1629637,171,Jaxson Hayes,NOP,60,16.1,2.9,4.7,0.625,0.1,0.2,0.429,1.6,2.0,0.775,1.5,2.8,4.3,0.6,0.4,0.6,0.7,7.5,10.6
201599,172,DeAndre Jordan,BKN,57,21.9,3.3,4.4,0.763,0.0,0.0,0.0,0.8,1.6,0.5,2.1,5.4,7.5,1.6,0.3,1.1,1.5,7.5,14.7
201949,173,James Johnson,NOP,51,20.5,2.9,6.4,0.446,0.6,2.4,0.258,0.9,1.5,0.592,0.6,2.8,3.5,1.9,0.8,0.8,1.1,7.2,9.0
1627823,174,Juancho Hernangomez,MIN,52,17.3,2.5,5.8,0.435,1.1,3.2,0.327,1.2,1.9,0.619,0.9,3.1,3.9,0.7,0.4,0.1,0.5,7.2,7.8
1628988,175,Aaron Holiday,IND,66,17.8,2.6,6.6,0.39,1.0,2.8,0.368,1.0,1.3,0.819,0.2,1.1,1.3,1.9,0.7,0.2,1.0,7.2,6.0
203920,176,Khem Birch,TOR,67,22.8,2.8,5.7,0.497,0.2,0.8,0.25,1.4,1.9,0.705,2.6,3.2,5.8,1.3,0.7,0.7,0.7,7.2,11.7
203145,177,Kent Bazemore,GSW,67,19.9,2.6,5.9,0.449,1.1,2.7,0.408,0.8,1.2,0.692,0.4,3.0,3.4,1.6,1.0,0.5,1.2,7.2,8.9
203110,178,Draymond Green,GSW,63,31.5,2.7,6.0,0.447,0.5,2.0,0.27,1.1,1.4,0.795,0.9,6.2,7.1,8.9,1.7,0.8,3.0,7.0,18.9
1629611,179,Terance Mann,LAC,67,18.9,2.7,5.2,0.509,0.6,1.4,0.418,1.2,1.4,0.83,0.8,2.8,3.6,1.6,0.4,0.2,0.6,7.0,9.4
1629655,180,Daniel Gafford,WAS,54,14.6,2.9,4.2,0.684,0.0,0.0,0.0,1.3,2.0,0.667,1.7,2.5,4.3,0.5,0.5,1.4,0.8,7.0,11.0
1626220,181,Royce O'Neale,UTA,71,31.5,2.5,5.5,0.444,1.5,3.9,0.385,0.5,0.6,0.848,1.2,5.6,6.8,2.5,0.8,0.5,1.2,7.0,13.3
2730,182,Dwight Howard,PHI,69,17.3,2.6,4.4,0.587,0.1,0.3,0.25,1.8,3.0,0.576,2.8,5.7,8.4,0.9,0.4,0.9,1.6,7.0,12.9
1627777,183,Georges Niang,UTA,72,16.0,2.5,5.6,0.437,1.7,4.1,0.425,0.3,0.3,0.957,0.4,2.1,2.4,0.8,0.3,0.1,0.7,6.9,6.8
1630181,184,R.J. Hampton,ORL,51,17.4,2.7,6.1,0.435,0.5,1.7,0.31,1.1,1.6,0.671,0.6,2.9,3.5,1.7,0.4,0.2,1.0,6.9,7.7
1627884,185,Derrick Jones Jr.,POR,58,22.7,2.5,5.2,0.484,0.7,2.3,0.316,1.0,1.6,0.648,1.3,2.2,3.5,0.8,0.6,0.9,0.6,6.8,8.9
1626192,186,Pat Connaughton,MIL,69,22.8,2.4,5.6,0.434,1.5,3.9,0.371,0.4,0.6,0.775,0.9,3.9,4.8,1.2,0.7,0.3,0.5,6.8,10.0
1630183,187,Jaden McDaniels,MIN,63,24.0,2.6,5.8,0.447,1.1,3.1,0.364,0.4,0.7,0.6,0.8,2.9,3.7,1.1,0.6,1.0,0.7,6.8,8.8
201952,188,Jeff Teague,MIL,55,17.3,2.2,5.2,0.433,0.7,1.5,0.439,1.6,1.9,0.848,0.3,1.3,1.6,2.4,0.6,0.2,1.2,6.7,7.2
202693,189,Markieff Morris,LAL,61,19.7,2.5,6.2,0.405,1.1,3.4,0.311,0.6,0.8,0.72,0.8,3.6,4.4,1.2,0.4,0.3,0.9,6.7,8.1
203504,190,Trey Burke,DAL,62,14.7,2.4,5.7,0.428,0.9,2.6,0.354,0.8,0.9,0.895,0.2,0.7,0.9,1.3,0.6,0.1,0.5,6.6,5.6
1630214,191,Xavier Tillman,MEM,59,18.4,2.8,5.1,0.559,0.4,1.1,0.338,0.6,0.9,0.642,1.3,3.1,4.3,1.3,0.7,0.6,0.8,6.6,10.2
203458,192,Alex Len,WAS,64,15.3,2.7,4.3,0.615,0.1,0.4,0.32,1.1,1.8,0.629,1.2,2.8,4.1,0.8,0.3,1.0,0.9,6.6,9.5
1627756,193,Denzel Valentine,CHI,62,16.7,2.5,6.7,0.373,1.3,3.9,0.331,0.3,0.3,0.941,0.4,2.8,3.2,1.7,0.5,0.1,0.7,6.5,7.1
1627814,194,Damion Lee,GSW,57,18.9,2.2,4.8,0.467,1.4,3.4,0.397,0.7,0.8,0.909,0.4,2.8,3.2,1.3,0.7,0.1,0.5,6.5,8.6
1627936,195,Alex Caruso,LAL,58,21.0,2.3,5.3,0.436,0.9,2.4,0.401,0.8,1.3,0.645,0.5,2.4,2.9,2.8,1.1,0.3,1.3,6.4,8.7
1627789,195,Timothe Luwawu-Cabarrot,BKN,58,18.1,2.2,6.1,0.365,1.3,4.1,0.314,0.6,0.7,0.814,0.5,1.7,2.2,1.2,0.6,0.1,0.7,6.4,5.7
1630184,197,Kira Lewis Jr.,NOP,54,16.7,2.4,6.2,0.386,0.7,2.2,0.333,0.8,0.9,0.843,0.2,1.1,1.3,2.3,0.7,0.2,0.6,6.4,6.2
1630166,198,Deni Avdija,WAS,54,23.3,2.4,5.8,0.417,1.0,3.1,0.315,0.5,0.8,0.644,0.4,4.4,4.9,1.2,0.6,0.3,0.6,6.3,8.9
1626145,199,Tyus Jones,MEM,70,17.5,2.5,5.9,0.431,0.6,2.0,0.321,0.6,0.6,0.911,0.3,1.7,2.0,3.7,0.9,0.1,0.7,6.3,8.9
203382,200,Aron Baynes,TOR,53,18.5,2.5,5.7,0.441,0.5,1.9,0.262,0.5,0.8,0.707,1.6,3.5,5.2,0.9,0.3,0.4,0.9,6.1,8.6
1630267,201,Facundo Campazzo,DEN,65,21.9,1.8,4.8,0.381,1.2,3.3,0.352,1.2,1.4,0.879,0.3,1.7,2.1,3.6,1.2,0.2,1.1,6.1,8.9
1629731,202,Dean Wade,CLE,63,19.2,2.1,4.9,0.431,1.2,3.4,0.366,0.5,0.6,0.769,0.6,2.8,3.4,1.2,0.6,0.3,0.5,6.0,8.0
203939,203,Dwight Powell,DAL,58,16.7,2.1,3.3,0.619,0.1,0.4,0.238,1.7,2.1,0.782,1.4,2.7,4.0,1.1,0.6,0.5,0.7,5.9,9.7
1629234,204,Drew Eubanks,SAS,54,14.0,2.1,3.8,0.566,0.0,0.0,1.0,1.4,2.0,0.726,1.4,3.1,4.5,0.8,0.3,0.9,0.8,5.8,9.2
1627761,205,DeAndre' Bembry,TOR,51,19.1,2.3,4.5,0.513,0.3,1.0,0.264,0.9,1.3,0.682,0.6,2.2,2.9,2.1,1.0,0.4,1.4,5.7,8.1
1629308,206,Juan Toscano-Anderson,GSW,53,20.9,2.3,3.9,0.579,0.7,1.7,0.402,0.4,0.6,0.71,0.5,3.9,4.4,2.8,0.8,0.5,1.2,5.7,11.2
1628539,207,Mychal Mulder,GSW,60,12.8,2.0,4.4,0.449,1.4,3.6,0.397,0.2,0.4,0.636,0.1,0.9,1.0,0.4,0.2,0.2,0.3,5.6,4.6
1629726,208,Garrison Mathews,WAS,64,16.2,1.5,3.7,0.409,1.2,3.1,0.384,1.3,1.5,0.884,0.3,1.1,1.4,0.4,0.5,0.1,0.2,5.5,5.3
202954,209,Brad Wanamaker,CHA,61,17.3,1.9,4.9,0.385,0.3,1.4,0.188,1.5,1.7,0.891,0.3,1.4,1.7,2.9,0.7,0.2,1.2,5.5,6.6
1630170,210,Devin Vassell,SAS,62,17.0,2.0,4.9,0.406,0.8,2.4,0.347,0.7,0.8,0.843,0.4,2.4,2.8,0.9,0.7,0.3,0.4,5.5,6.8
202324,211,Derrick Favors,UTA,68,15.3,2.3,3.6,0.638,0.0,0.0,0.0,0.9,1.2,0.738,2.0,3.5,5.5,0.6,0.5,1.0,0.5,5.4,10.9
1629020,212,Jarred Vanderbilt,MIN,64,17.8,2.2,3.7,0.606,0.0,0.1,0.2,0.9,1.6,0.559,1.8,3.9,5.8,1.2,1.0,0.7,0.8,5.4,11.0
1629006,213,Josh Okogie,MIN,59,20.3,1.7,4.3,0.402,0.5,1.8,0.269,1.4,1.8,0.769,1.1,1.6,2.6,1.1,0.9,0.5,0.7,5.4,6.7
1626161,214,Willie Cauley-Stein,DAL,53,17.1,2.2,3.4,0.632,0.0,0.2,0.091,0.9,1.5,0.628,1.2,3.2,4.5,0.7,0.4,0.8,0.5,5.3,9.2
1629635,215,Sekou Doumbouya,DET,56,15.5,1.9,5.0,0.379,0.5,2.1,0.226,0.8,1.1,0.703,0.7,1.9,2.6,0.8,0.4,0.2,0.8,5.1,4.8
203457,216,Nerlens Noel,NYK,64,24.2,2.1,3.5,0.614,0.0,0.0,0.0,0.8,1.1,0.714,2.2,4.1,6.4,0.7,1.1,2.2,1.0,5.1,12.8
201188,217,Marc Gasol,LAL,52,19.1,1.7,3.7,0.454,1.0,2.3,0.41,0.7,1.0,0.72,0.7,3.4,4.1,2.1,0.5,1.1,1.0,5.0,9.6
1629162,218,Jordan McLaughlin,MIN,51,18.4,2.0,4.7,0.413,0.6,1.8,0.359,0.5,0.6,0.767,0.4,1.7,2.1,3.8,1.0,0.1,1.0,5.0,8.1
202687,219,Bismack Biyombo,CHA,66,20.4,2.2,3.7,0.587,0.0,0.0,0.0,0.7,1.6,0.448,2.1,3.2,5.3,1.2,0.3,1.1,1.1,5.0,9.4
1630173,220,Precious Achiuwa,MIA,61,12.1,2.0,3.7,0.544,0.0,0.0,0.0,0.9,1.8,0.509,1.2,2.2,3.4,0.5,0.3,0.5,0.7,5.0,6.4
1628997,221,Caleb Martin,CHA,53,15.4,1.8,4.8,0.375,0.6,2.4,0.248,0.8,1.2,0.641,0.6,2.1,2.7,1.3,0.7,0.2,0.6,5.0,5.8
202083,222,Wesley Matthews,LAL,58,19.5,1.5,4.3,0.353,1.1,3.4,0.335,0.6,0.7,0.854,0.3,1.3,1.6,0.9,0.7,0.3,0.4,4.8,4.9
1629684,223,Grant Williams,BOS,63,18.1,1.7,3.9,0.437,0.8,2.0,0.372,0.5,0.8,0.588,0.8,2.1,2.8,1.0,0.5,0.4,0.9,4.7,6.0
1628400,224,Semi Ojeleye,BOS,56,17.0,1.6,3.9,0.403,1.0,2.8,0.367,0.4,0.6,0.75,0.6,2.1,2.6,0.7,0.3,0.0,0.4,4.6,5.4
203918,225,Rodney Hood,TOR,55,17.1,1.7,4.7,0.362,0.6,2.1,0.301,0.4,0.5,0.857,0.4,1.5,1.9,1.0,0.4,0.1,0.7,4.5,4.1
203524,226,Solomon Hill,ATL,71,21.3,1.5,4.2,0.359,1.0,3.0,0.321,0.5,0.6,0.761,0.6,2.4,3.0,1.1,0.7,0.2,0.6,4.5,6.0
1626169,227,Stanley Johnson,TOR,61,16.5,1.5,3.8,0.382,0.7,2.2,0.328,0.7,0.9,0.8,0.5,2.0,2.5,1.5,0.9,0.3,0.9,4.4,6.1
2738,228,Andre Iguodala,MIA,63,21.3,1.5,3.9,0.383,1.0,2.9,0.33,0.4,0.6,0.658,0.6,2.9,3.5,2.3,0.9,0.6,1.1,4.4,7.9
203118,229,Mike Scott,PHI,51,16.7,1.5,4.1,0.36,1.0,3.0,0.342,0.2,0.2,0.667,0.2,2.1,2.4,0.8,0.5,0.3,0.4,4.2,5.0
1628975,230,Jevon Carter,PHX,60,12.0,1.6,3.7,0.422,0.9,2.5,0.371,0.1,0.1,0.571,0.3,1.3,1.5,1.2,0.5,0.2,0.3,4.1,5.0
1626172,231,Kevon Looney,GSW,61,19.0,1.8,3.2,0.548,0.1,0.3,0.235,0.5,0.8,0.646,1.9,3.4,5.3,2.0,0.3,0.4,0.6,4.1,9.7
1630167,232,Obi Toppin,NYK,62,11.0,1.7,3.4,0.498,0.4,1.4,0.306,0.3,0.4,0.731,0.4,1.8,2.2,0.5,0.3,0.2,0.4,4.1,5.1
1628998,233,Cody Martin,CHA,52,16.3,1.6,3.6,0.441,0.3,1.1,0.276,0.5,0.8,0.581,1.0,2.1,3.1,1.7,0.7,0.2,0.8,4.0,6.5
1629680,234,Matisse Thybulle,PHI,65,20.0,1.6,3.7,0.42,0.7,2.2,0.301,0.1,0.3,0.444,0.5,1.4,1.9,1.0,1.6,1.1,0.5,3.9,6.7
200782,235,P.J. Tucker,MIL,52,26.1,1.3,3.4,0.373,0.8,2.3,0.336,0.4,0.5,0.75,1.0,2.9,3.9,1.2,0.8,0.4,0.8,3.7,6.9
203648,236,Thanasis Antetokounmpo,MIL,57,9.7,1.2,2.4,0.489,0.1,0.5,0.241,0.4,0.9,0.51,0.9,1.2,2.2,0.8,0.4,0.2,0.8,2.9,4.1
1629671,237,Miye Oni,UTA,54,9.6,0.6,1.8,0.354,0.6,1.6,0.341,0.1,0.1,0.833,0.4,1.1,1.6,0.5,0.2,0.1,0.3,1.9,2.9
